"student_id","semester","gpa","sleep_hours","study_hours","exercise_days","caffeine_mg","supervisor_meetings","wellbeing"
"S0001",1,3.02,7.2,26,5,130,0,74
"S0001",2,3.27,8.4,17,3,80,1,69
"S0001",3,3.17,7.8,25,7,105,3,71
"S0001",4,3,7.2,28,4,145,2,74
"S0002",1,3.25,6.4,32,2,210,3,60
"S0002",2,2.88,7,28,1,185,2,51
"S0002",3,3.13,6.7,30,2,175,0,51
"S0002",4,3.22,6.4,27,3,230,1,54
"S0003",1,3.39,7,23,6,0,2,66
"S0003",2,3.36,6.8,27,6,0,3,71
"S0003",3,3.45,7.1,26,2,0,6,69
"S0003",4,3.61,7.7,32,5,0,5,66
"S0004",1,2.58,5.3,39,2,325,4,46
"S0004",2,3.01,6.2,39,1,215,3,62
"S0005",1,2.68,6.8,17,3,130,2,58
"S0005",2,2.83,7.8,28,3,85,2,55
"S0005",3,3.1,7.5,20,1,105,4,58
"S0005",4,2.79,7.6,14,2,135,4,59
"S0006",1,2.84,5.9,17,2,165,10,57
"S0006",2,2.47,6.4,14,0,150,7,63
"S0006",3,3.1,5.9,,2,200,7,56
"S0006",4,2.56,5.8,,3,185,2,54
"S0007",1,2.88,6.2,28,1,85,4,76
"S0007",2,3.01,6,27,1,115,3,77
"S0007",3,2.63,6,34,4,90,4,67
"S0007",4,2.84,5.7,25,2,95,5,58
"S0008",1,3.13,,35,1,365,5,53
"S0008",2,3,5.9,38,3,425,6,61
"S0008",3,2.82,5.3,41,0,390,2,53
"S0008",4,3.25,5.9,43,0,355,8,64
"S0009",1,2.77,5.8,24,2,155,5,74
"S0009",2,2.76,5.2,14,7,185,3,59
"S0009",3,2.84,6.1,19,1,175,4,66
"S0009",4,3.12,5.5,19,3,195,1,66
"S0010",1,3.04,7.1,26,3,165,14,73
"S0010",2,2.9,5.8,23,3,275,6,73
"S0010",3,3.12,6,24,2,235,15,62
"S0010",4,3.03,7.1,33,4,225,8,78
"S0011",1,2.59,7.3,11,1,165,1,63
"S0011",2,2.22,6.6,14,1,135,3,57
"S0011",3,2.35,6.9,16,0,120,0,52
"S0011",4,2.2,6.7,14,3,155,3,47
"S0012",1,3.06,5.3,48,0,320,4,51
"S0012",2,2.97,5.8,44,1,245,3,72
"S0012",3,3.07,6,52,1,245,5,62
"S0012",4,2.94,5,42,3,255,7,63
"S0013",1,2.43,6,35,1,115,2,56
"S0013",2,2.54,6.7,34,3,85,0,57
"S0013",3,2.29,6.4,30,2,110,1,62
"S0013",4,2.58,6.2,34,1,65,2,67
"S0014",1,2.8,6.1,4,1,85,3,48
"S0014",2,3.02,6.6,7,5,90,2,60
"S0014",3,2.77,7.4,2,4,105,1,63
"S0014",4,3.03,6.7,,4,110,4,64
"S0015",1,2.8,6.5,15,2,210,2,34
"S0015",2,3.2,6.5,18,0,275,5,38
"S0016",1,2.91,5.5,39,0,275,6,66
"S0016",2,3.25,5.8,40,2,320,7,63
"S0016",3,2.87,6,33,1,375,7,57
"S0016",4,2.98,5.4,39,3,415,0,60
"S0017",1,2.71,5.8,48,2,220,5,60
"S0017",2,2.95,5.1,37,2,260,3,51
"S0017",3,2.94,5,38,1,,2,57
"S0017",4,2.81,6,33,2,225,0,50
"S0018",1,3.02,7.3,12,2,105,6,63
"S0018",2,3.21,6.9,9,2,105,0,67
"S0018",3,2.97,6.4,8,3,135,3,49
"S0018",4,3.14,6.7,8,4,120,10,53
"S0019",1,3.14,6.7,25,5,0,0,70
"S0019",2,2.82,6.2,24,3,0,1,63
"S0019",3,2.66,6.1,20,2,0,2,61
"S0019",4,2.8,6.7,21,1,0,0,65
"S0020",1,3.48,7.2,41,0,0,7,63
"S0020",2,3.18,7.2,41,0,0,15,67
"S0020",3,3.4,7.2,40,1,0,14,72
"S0020",4,3.25,6.4,37,1,0,12,60
"S0021",1,3.51,7,35,1,0,5,59
"S0021",2,3.04,6,37,0,0,2,55
"S0021",3,3.19,6,34,0,0,2,51
"S0021",4,3.11,6.3,41,0,0,2,63
"S0022",1,2.84,5,39,,335,4,37
"S0022",2,3.18,5.7,46,1,325,4,39
"S0022",3,3.08,6.6,50,0,335,4,37
"S0022",4,3.07,,48,3,435,3,43
"S0023",1,3.12,6,45,2,275,3,77
"S0023",2,2.83,6.9,47,1,275,8,86
"S0023",3,3.11,6.3,47,2,265,6,75
"S0023",4,3.08,5.9,39,1,250,4,78
"S0024",1,3.35,7.6,26,5,0,7,76
"S0024",2,2.95,7.3,30,4,0,6,93
"S0024",3,3.26,7.1,26,2,0,7,86
"S0024",4,3.47,7.5,30,5,0,5,79
"S0025",1,2.83,6.8,14,2,190,6,63
"S0025",2,2.36,7.2,14,3,170,1,70
"S0025",3,2.44,7.2,11,1,195,6,70
"S0025",4,2.3,7.9,11,2,125,3,59
"S0026",1,2.33,6.2,20,0,135,3,55
"S0026",2,2.73,6.5,25,,100,3,59
"S0026",3,2.52,7,23,1,110,4,74
"S0026",4,2.73,6.3,18,0,130,6,58
"S0027",1,3.21,6.4,51,0,165,2,49
"S0027",2,2.8,5.4,52,0,290,3,55
"S0027",3,3.06,7.1,50,5,205,3,54
"S0027",4,2.91,5.9,44,5,220,0,55
"S0028",1,3.52,7.1,20,2,215,2,61
"S0028",2,3.26,7,24,1,225,6,60
"S0028",3,3.25,6.4,19,0,315,6,62
"S0028",4,3.47,7.4,29,1,150,9,58
"S0029",1,2.78,6.3,23,3,0,1,46
"S0029",2,2.84,6.2,23,3,0,2,57
"S0029",3,2.75,6.2,21,2,0,1,49
"S0029",4,2.52,6,20,3,0,1,49
"S0030",1,2.55,6.6,18,1,240,6,57
"S0030",2,2.88,7.6,12,1,205,4,73
"S0030",3,2.8,6.6,25,4,210,4,66
"S0030",4,2.91,7,18,2,230,3,60
"S0031",1,2.89,6.7,23,1,95,1,52
"S0031",2,2.84,6.4,23,0,110,2,56
"S0031",3,3.13,6.5,30,3,105,1,44
"S0031",4,2.79,6.8,36,0,125,2,44
"S0032",1,3.29,7.4,23,0,115,6,79
"S0032",2,3.49,6.8,22,0,90,5,80
"S0032",3,3.42,7.1,30,4,75,8,80
"S0032",4,3.69,7.1,32,4,60,3,84
"S0033",1,2.79,4.6,41,2,0,10,50
"S0033",2,2.67,4.5,46,2,0,5,51
"S0033",3,2.85,4.8,46,2,0,12,55
"S0033",4,2.51,5.5,40,0,0,5,48
"S0034",1,2.91,6.4,18,4,175,4,79
"S0034",2,3.48,7.6,19,4,150,3,92
"S0034",3,2.65,6.6,8,2,185,4,77
"S0034",4,2.85,6.3,11,3,190,6,87
"S0035",1,2.88,5.2,41,1,285,5,51
"S0035",2,2.93,5.6,32,0,,2,49
"S0035",3,3.03,5.7,42,0,170,2,42
"S0035",4,2.77,5.8,38,1,125,3,42
"S0036",1,3.18,5,41,2,265,4,70
"S0036",2,3.22,4.9,41,0,320,4,70
"S0036",3,2.95,5.5,43,2,160,5,58
"S0036",4,3.07,4.1,39,2,235,4,60
"S0037",1,2.93,7.4,18,3,120,2,68
"S0037",2,3,6.5,16,7,75,4,59
"S0037",3,3.26,7,20,5,105,6,65
"S0037",4,3.02,7.4,14,5,90,7,64
"S0038",1,2.69,5.8,17,2,130,4,45
"S0038",2,2.55,6,20,1,140,1,44
"S0039",1,3.1,8,29,2,0,0,75
"S0039",2,3.24,7.7,29,4,0,8,71
"S0039",3,3.47,7.6,34,3,0,3,71
"S0039",4,3.41,8.4,26,0,0,3,55
"S0040",1,2.88,4.7,35,1,485,4,45
"S0040",2,2.57,4.9,34,3,410,4,54
"S0040",3,2.52,4.6,36,0,375,3,55
"S0040",4,2.99,5.9,36,0,365,4,56
"S0041",1,2.57,6.3,17,2,240,6,65
"S0041",2,2.83,6.7,20,2,275,5,81
"S0041",3,2.85,7.6,22,2,175,6,71
"S0041",4,2.96,7.2,19,1,230,6,76
"S0042",1,2.65,5.4,25,1,210,5,45
"S0042",2,2.43,5.5,25,1,205,2,55
"S0042",3,2.23,5.9,23,0,155,1,44
"S0042",4,2.45,6.8,22,2,120,3,48
"S0043",1,3.56,6.4,32,4,175,4,48
"S0043",2,3.59,8,29,4,120,8,69
"S0044",1,3.35,6.9,26,5,150,0,73
"S0044",2,3.22,6.9,24,7,170,3,70
"S0044",3,3.25,6.3,23,4,175,2,59
"S0044",4,3.08,6.4,25,7,210,4,69
"S0045",1,3.37,6.8,14,1,240,0,61
"S0045",2,3.08,6.7,12,1,185,3,68
"S0045",3,3.22,6.1,19,2,220,2,60
"S0045",4,3.15,6.8,17,2,225,8,63
"S0046",1,3.47,6.4,23,1,75,2,75
"S0046",2,3.06,5.9,22,2,90,0,78
"S0046",3,3.15,7,20,2,140,4,80
"S0046",4,3.05,6.2,23,3,80,1,67
"S0047",1,2.58,8.3,2,1,195,1,68
"S0047",2,3.15,7,8,4,165,3,64
"S0047",3,3.14,6.9,11,0,85,2,68
"S0047",4,3.09,7.2,6,0,110,2,62
"S0048",1,3.15,5.3,42,1,300,12,58
"S0048",2,2.89,5.8,54,2,425,14,47
"S0048",3,2.84,5.2,51,1,430,7,51
"S0048",4,2.85,5.9,51,0,425,2,61
"S0049",1,2.86,4.2,56,1,430,4,58
"S0049",2,3.32,4.8,51,2,345,1,69
"S0049",3,2.98,4.8,49,1,305,5,54
"S0049",4,2.95,5.4,57,3,355,3,61
"S0050",1,3.49,7.8,12,0,180,6,81
"S0050",2,3.42,8.7,22,0,140,6,78
"S0050",3,3.54,9.1,16,1,130,5,75
"S0050",4,3.52,7.9,14,2,235,7,71
"S0051",1,2.99,6.8,16,0,215,4,50
"S0051",2,2.6,6.7,13,1,155,1,49
"S0051",3,2.96,6.6,17,1,205,2,48
"S0051",4,2.76,6.5,19,1,235,2,49
"S0052",1,3.74,7.3,19,5,85,4,58
"S0052",2,3.83,7.6,14,5,80,3,63
"S0052",3,3.66,7.7,15,3,110,7,55
"S0052",4,3.36,7.7,15,2,105,7,53
"S0053",1,2.51,5,45,0,160,5,43
"S0053",2,2.77,5.6,40,1,145,5,42
"S0053",3,2.92,5.6,43,1,165,3,49
"S0053",4,2.95,5.6,39,0,185,5,40
"S0054",1,2.91,6.1,46,0,370,2,60
"S0054",2,3.11,6.4,54,1,270,1,53
"S0054",3,2.96,6.2,50,0,280,0,38
"S0054",4,3,6.4,47,2,290,2,51
"S0055",1,3.04,8.6,19,2,0,2,67
"S0055",2,2.81,7.8,11,3,0,0,74
"S0055",3,3.04,7.3,15,2,0,3,62
"S0055",4,2.93,7.6,18,1,0,3,70
"S0056",1,3.23,5.9,19,2,135,3,49
"S0056",2,2.97,5.7,17,6,200,3,53
"S0056",3,2.74,5.4,6,1,210,2,44
"S0056",4,3.19,6.7,22,1,220,5,34
"S0057",1,3.22,5.3,58,2,175,3,45
"S0057",2,,4.9,52,0,145,0,49
"S0057",3,3,5.4,60,3,155,3,52
"S0057",4,3.11,5,53,2,145,8,49
"S0058",1,3.08,6.5,7,1,180,0,53
"S0058",2,2.96,7,9,,215,2,53
"S0058",3,2.92,7.3,13,3,180,5,63
"S0058",4,2.69,6.3,8,2,200,2,59
"S0059",1,3.62,7.8,19,3,140,3,68
"S0059",2,3.35,7.9,21,2,120,6,66
"S0059",3,3.28,7.9,24,1,135,3,67
"S0059",4,3.51,8,19,4,130,4,67
"S0060",1,2.76,4.9,34,0,435,1,57
"S0060",2,2.82,5.8,38,0,310,2,49
"S0061",1,3.41,7.9,28,6,160,5,60
"S0061",2,3.02,7,33,7,150,4,67
"S0061",3,2.86,6.8,24,5,100,2,60
"S0061",4,3.23,6.5,24,3,110,4,68
"S0062",1,2.78,6.6,28,1,170,0,50
"S0062",2,2.56,6.4,29,3,135,1,55
"S0062",3,2.79,6.5,30,2,190,0,61
"S0062",4,2.89,6.2,37,1,265,0,49
"S0063",1,3.4,6.1,47,2,165,3,54
"S0063",2,3.43,6.3,45,2,160,3,47
"S0063",3,3.57,6.4,45,2,225,0,48
"S0063",4,3.31,5.4,37,2,210,5,47
"S0064",1,2.79,6.2,23,2,180,2,51
"S0064",2,2.73,6.1,22,1,185,0,48
"S0064",3,2.76,7,21,2,140,3,43
"S0064",4,2.54,6,18,1,145,1,40
"S0065",1,3.45,7.1,20,2,85,3,57
"S0065",2,3.3,7.5,23,2,90,2,54
"S0065",3,3.62,7.6,24,2,90,1,54
"S0065",4,3.66,8,27,2,60,2,54
"S0066",1,3.34,5.5,43,0,320,3,58
"S0066",2,3.18,5.4,31,1,275,4,62
"S0066",3,3.64,5.5,32,0,295,1,56
"S0066",4,3.31,5.3,41,0,310,3,54
"S0067",1,2.76,6.9,9,2,180,3,41
"S0067",2,2.92,7.3,18,1,170,6,46
"S0067",3,2.42,5.9,13,0,175,3,36
"S0067",4,3.05,7.2,17,4,150,3,39
"S0068",1,2.9,7.1,14,1,130,3,49
"S0068",2,3.33,7.6,18,1,85,1,57
"S0068",3,2.99,6.7,20,3,135,4,50
"S0068",4,3.18,6.9,26,2,90,2,47
"S0069",1,3.14,7,16,1,190,4,56
"S0069",2,3.22,6.9,20,1,135,5,58
"S0069",3,2.57,5.7,12,2,130,9,56
"S0069",4,3.35,6.7,18,1,240,6,64
"S0070",1,3.09,7.1,19,2,85,5,52
"S0070",2,3.2,7.5,23,2,130,5,62
"S0070",3,3.22,7.9,17,0,125,4,53
"S0070",4,3.06,8.4,24,0,125,2,48
"S0071",1,3.64,7.3,29,5,225,10,87
"S0071",2,3.73,7.3,24,4,220,7,94
"S0071",3,3.19,7,15,6,210,11,85
"S0071",4,3.4,7.7,27,1,145,4,82
"S0072",1,3.49,5.6,46,1,395,2,46
"S0072",2,3.21,5.9,52,1,390,3,51
"S0072",3,3.34,6.2,54,2,395,3,41
"S0072",4,3.43,6,43,1,450,1,46
"S0073",1,3.32,6.8,15,3,130,6,74
"S0073",2,3.2,6.9,18,2,125,4,75
"S0073",3,2.78,6.1,7,1,155,6,55
"S0073",4,3.03,6.3,18,3,90,7,64
"S0074",1,2.78,7.6,35,5,120,9,60
"S0074",2,2.81,7.5,33,2,95,7,70
"S0074",3,2.52,6.9,37,4,160,5,61
"S0074",4,2.63,6.6,39,5,130,8,58
"S0075",1,3.52,6.7,30,5,210,4,61
"S0075",2,3.03,7.8,16,7,165,4,65
"S0075",3,3.57,7.5,33,3,145,3,57
"S0075",4,3.28,6.9,23,3,165,6,54
"S0076",1,3.65,5.9,35,0,200,2,62
"S0076",2,3.62,5.7,39,3,135,8,66
"S0076",3,3.41,6.7,33,1,125,6,69
"S0076",4,3.33,6.6,36,1,,2,56
"S0077",1,3.26,6.7,19,2,170,1,75
"S0077",2,3.37,6.7,18,4,160,5,65
"S0077",3,3.4,6,18,0,170,6,72
"S0077",4,3.34,7,13,3,220,4,67
"S0078",1,2.52,6.4,2,2,175,4,55
"S0078",2,2.64,6.3,4,3,175,2,54
"S0078",3,2.61,6.2,2,1,175,2,54
"S0078",4,2.77,6.1,2,6,175,5,56
"S0079",1,3.37,5.9,40,0,0,6,62
"S0079",2,3.38,5.9,46,1,0,1,58
"S0079",3,3.25,5.8,50,0,0,5,61
"S0079",4,3.54,6.1,38,4,0,0,57
"S0080",1,3.21,7.9,4,0,125,2,62
"S0080",2,2.91,7.8,6,2,95,1,65
"S0080",3,2.89,7.2,2,2,65,2,70
"S0080",4,2.64,6.6,2,3,110,4,62
"S0081",1,3.25,6.8,26,3,110,4,44
"S0081",2,3.01,6.7,19,2,100,4,44
"S0081",3,3.04,7,21,4,115,2,46
"S0081",4,2.94,7.3,30,4,110,4,50
"S0082",1,3.93,7.7,26,2,0,3,85
"S0082",2,4,7.8,27,5,0,9,71
"S0082",3,3.73,7.9,25,2,0,8,68
"S0082",4,3.69,7.7,29,4,0,6,64
"S0083",1,2.56,6,35,1,125,4,32
"S0083",2,2.51,5.8,34,1,115,2,35
"S0084",1,3.11,5.2,35,1,295,1,37
"S0084",2,2.93,5.3,40,0,205,2,52
"S0084",3,3.42,,35,1,175,3,50
"S0084",4,2.96,4.7,37,4,225,2,47
"S0085",1,3.13,6.1,28,3,120,3,37
"S0085",2,3,6.6,43,1,105,4,58
"S0085",3,2.74,5.5,45,1,125,5,49
"S0085",4,2.69,6.2,43,3,100,2,47
"S0086",1,3.27,7,27,4,175,4,63
"S0086",2,3.2,6.5,22,7,125,5,60
"S0086",3,2.9,6.1,21,4,105,3,60
"S0086",4,3.47,6,29,4,160,2,54
"S0087",1,3.04,7.1,27,1,100,0,52
"S0087",2,2.98,6.1,21,2,125,4,46
"S0087",3,2.99,6.2,26,1,130,2,53
"S0087",4,2.93,6.8,20,2,175,3,53
"S0088",1,3.53,7.4,16,0,110,2,65
"S0088",2,3.37,7.7,11,2,125,0,61
"S0088",3,3.54,7.5,13,3,105,2,70
"S0088",4,3.34,7,17,1,120,1,59
"S0089",1,2.7,6.6,22,4,85,1,60
"S0089",2,2.59,6.1,34,3,150,4,70
"S0089",3,2.82,5.8,36,1,145,7,62
"S0089",4,2.66,5.7,29,2,130,1,66
"S0090",1,3.06,6.4,24,5,185,1,48
"S0090",2,2.94,8,29,4,100,7,60
"S0090",3,3.34,7.7,27,4,95,5,57
"S0090",4,2.98,6.7,26,3,105,1,52
"S0091",1,3.15,5.7,47,2,250,0,72
"S0091",2,3.24,5.1,41,0,245,3,77
"S0091",3,3.44,5.2,51,0,240,2,73
"S0091",4,3.45,5.5,37,1,250,4,79
"S0092",1,3.42,6.5,17,2,245,6,70
"S0092",2,2.94,6.5,10,7,150,3,77
"S0092",3,3.16,7,18,7,195,1,78
"S0092",4,2.62,6.8,4,6,130,3,74
"S0093",1,3.54,7,24,7,190,10,81
"S0093",2,3.55,6.5,23,5,185,9,86
"S0093",3,3.46,6.6,29,3,255,7,65
"S0093",4,3.31,6.8,24,4,205,4,72
"S0094",1,2.7,6.8,23,6,185,3,37
"S0094",2,2.72,6.9,25,3,220,5,45
"S0094",3,3.26,8.1,30,5,185,1,40
"S0094",4,2.83,7,36,6,225,2,39
"S0095",1,3.25,6.5,24,4,220,4,66
"S0095",2,3.43,6.2,26,5,320,6,78
"S0095",3,3.44,6.7,29,5,350,1,77
"S0095",4,3.39,7.4,30,2,335,5,81
"S0096",1,3.24,5.2,38,0,215,7,58
"S0096",2,3.1,6.2,43,4,140,7,69
"S0096",3,3.01,5.3,41,0,190,15,64
"S0096",4,2.87,5.4,31,0,220,12,54
"S0097",1,2.6,7.1,30,2,125,3,72
"S0097",2,2.79,7.5,30,2,105,6,73
"S0097",3,3.06,7.9,25,3,85,8,68
"S0097",4,3.18,7.5,34,4,135,8,68
"S0098",1,2.6,7.3,8,0,195,7,70
"S0098",2,2.91,7.4,9,1,180,1,81
"S0098",3,3.25,7.2,15,1,255,5,66
"S0098",4,3.07,7.4,16,2,245,4,62
"S0099",1,2.86,6,,0,395,6,78
"S0099",2,3.44,6.6,21,2,385,5,74
"S0099",3,3.25,6.4,23,2,405,7,82
"S0099",4,3.08,5.6,18,,470,8,74
"S0100",1,3.4,5.1,43,0,250,2,50
"S0100",2,3.33,5.8,33,3,195,1,53
"S0100",3,3.53,5.5,45,2,175,6,56
"S0100",4,3.25,5.6,39,1,160,4,48
"S0101",1,3.61,6,37,5,90,11,51
"S0101",2,3.07,6,42,2,90,8,47
"S0101",3,3.33,5.4,45,1,75,14,32
"S0101",4,3.12,5.6,31,1,115,10,39
"S0102",1,2.57,6.3,27,1,275,1,57
"S0102",2,2.61,7.1,27,3,190,1,69
"S0103",1,2.74,8.1,16,6,60,7,57
"S0103",2,2.62,6.5,14,2,95,3,68
"S0103",3,3.18,7.5,21,4,75,6,68
"S0103",4,2.73,7.7,10,3,55,6,62
"S0104",1,2.62,6.2,27,2,455,4,55
"S0104",2,2.12,5.8,30,2,590,4,53
"S0105",1,2.93,3.5,58,1,740,5,52
"S0105",2,2.93,3.9,60,0,765,10,60
"S0105",3,2.75,3.5,62,1,685,7,54
"S0105",4,2.85,3.5,62,0,900,11,53
"S0106",1,2.66,4,34,2,280,4,49
"S0106",2,3.08,5.3,40,0,250,0,52
"S0106",3,2.6,4.6,40,2,340,1,47
"S0106",4,2.91,5,44,2,195,3,47
"S0107",1,2.44,7.3,5,0,110,2,56
"S0107",2,2.84,7.7,6,1,130,5,56
"S0107",3,3.24,7.4,10,3,160,2,65
"S0107",4,2.79,7,11,3,120,7,56
"S0108",1,3.63,6.2,30,4,120,4,77
"S0108",2,3.3,6.2,32,1,100,8,73
"S0108",3,2.91,6.3,28,3,145,7,73
"S0108",4,3.45,6.8,34,6,150,5,77
"S0109",1,3.51,7.1,52,0,0,5,75
"S0109",2,3.74,7.7,52,1,0,3,75
"S0109",3,3.61,7,46,0,0,6,76
"S0109",4,3.52,6.8,44,0,0,10,67
"S0110",1,3.09,5.8,24,0,65,0,62
"S0110",2,3.03,6.2,16,4,50,1,73
"S0110",3,3.36,6.1,26,1,65,3,67
"S0110",4,3.35,7.2,13,4,45,1,68
"S0111",1,3.53,6.2,46,2,95,1,56
"S0111",2,3.73,6.6,44,0,85,4,56
"S0111",3,3.26,6.2,39,6,90,6,63
"S0111",4,3.69,7.1,50,1,70,3,59
"S0112",1,3.8,6.8,38,6,150,7,81
"S0112",2,3.66,7.3,43,5,140,6,84
"S0112",3,3.78,6.4,30,7,260,8,65
"S0112",4,3.86,6.5,37,7,160,7,74
"S0113",1,3.88,7.6,25,3,0,6,54
"S0113",2,4,6.9,34,5,0,8,54
"S0113",3,4,7,35,0,0,3,57
"S0113",4,3.96,7.3,30,3,0,8,57
"S0114",1,3.23,5.2,45,0,370,1,53
"S0114",2,3.12,4.9,47,0,380,4,62
"S0114",3,3.22,4.8,43,0,285,1,57
"S0114",4,2.82,4.9,41,0,405,2,56
"S0115",1,3.64,6.6,26,1,130,0,78
"S0115",2,3.58,6.8,22,1,220,3,71
"S0115",3,3.62,7,21,2,185,1,79
"S0115",4,3.7,6.8,17,2,150,1,72
"S0116",1,3.67,8,23,2,230,4,82
"S0116",2,3.5,7.9,,2,170,7,85
"S0116",3,3.45,7.1,26,3,235,4,87
"S0116",4,3.66,7.9,23,7,155,5,78
"S0117",1,3.41,6,44,1,205,2,71
"S0117",2,3.54,6,46,1,220,1,68
"S0117",3,3.19,6.2,51,0,275,3,67
"S0117",4,3.52,6.3,41,1,200,2,66
"S0118",1,3.06,7.1,13,3,0,1,45
"S0118",2,2.82,7.1,17,4,0,0,54
"S0118",3,2.87,7.2,10,1,0,1,56
"S0118",4,2.72,7.2,13,6,0,1,55
"S0119",1,3.18,6.3,40,5,140,4,64
"S0119",2,3.31,6.9,42,5,160,2,65
"S0119",3,3.62,6,38,1,130,0,62
"S0119",4,3.34,5.8,36,5,265,0,56
"S0120",1,2.46,6.3,35,2,80,5,64
"S0120",2,2.71,6,34,0,90,2,64
"S0120",3,2.37,5.3,28,1,155,6,59
"S0120",4,2.74,4.8,35,1,125,4,55
"S0121",1,2.39,7.3,4,4,150,2,58
"S0121",2,2.6,6.6,2,3,280,3,63
"S0121",3,2.76,7.5,6,1,165,2,63
"S0121",4,2.78,,5,2,160,1,72
"S0122",1,2.83,5.9,41,1,110,3,77
"S0122",2,2.99,6.5,41,1,135,3,88
"S0122",3,2.98,5.3,47,1,95,5,70
"S0122",4,3.1,6.1,45,0,120,3,75
"S0123",1,2.99,6.9,17,2,140,0,50
"S0123",2,3.17,7.1,21,1,205,3,64
"S0123",3,3.55,7.7,15,1,120,1,56
"S0123",4,2.66,6.5,20,1,195,6,45
"S0124",1,2.75,4,46,4,845,1,58
"S0124",2,2.66,4.3,46,3,510,6,59
"S0124",3,2.54,5.2,45,1,470,2,63
"S0124",4,2.5,4.7,46,2,545,5,53
"S0125",1,2.73,6.6,15,0,195,5,67
"S0125",2,2.68,7.3,11,1,155,5,79
"S0125",3,2.88,7.2,15,1,160,2,74
"S0125",4,2.8,7.1,16,0,170,2,69
"S0126",1,2.93,4.7,48,2,275,4,59
"S0126",2,2.37,4.6,39,1,345,6,55
"S0126",3,2.79,4.5,40,0,230,2,57
"S0126",4,2.86,4.8,44,1,315,7,57
"S0127",1,2.63,5.1,31,2,495,2,58
"S0127",2,3.1,5.7,29,3,435,2,66
"S0127",3,2.93,6.3,35,1,365,1,67
"S0127",4,2.81,5.6,27,1,360,2,61
"S0128",1,3.47,6.2,20,7,85,3,57
"S0128",2,3.05,5.8,29,7,185,4,65
"S0128",3,3.02,6.7,18,6,110,5,66
"S0128",4,2.91,,23,7,95,5,67
"S0129",1,2.85,6.8,21,2,0,1,65
"S0129",2,3.07,6.7,29,3,0,1,67
"S0129",3,3.1,6.9,30,1,0,1,66
"S0129",4,2.85,7.6,31,3,0,4,58
"S0130",1,3.72,7.6,20,2,75,2,62
"S0130",2,3.94,8.2,24,2,85,3,65
"S0130",3,3.74,7.6,22,6,105,2,65
"S0130",4,3.75,8.2,17,1,95,7,61
"S0131",1,2.2,7.3,18,2,120,4,60
"S0131",2,2.43,6.7,22,0,130,5,60
"S0131",3,2.61,7,21,0,125,4,52
"S0131",4,2.11,6.4,22,3,120,2,57
"S0132",1,3.13,8.3,21,5,135,3,71
"S0132",2,3.47,8.1,18,5,140,11,85
"S0132",3,3.3,8.2,24,0,105,3,85
"S0132",4,3.09,7.7,24,1,205,3,73
"S0133",1,3.22,5,49,1,515,3,65
"S0133",2,2.95,5.6,42,1,295,2,57
"S0133",3,3.11,5.1,38,1,420,4,64
"S0133",4,3.05,5.7,36,0,410,3,66
"S0134",1,3.05,6.5,38,3,120,4,75
"S0134",2,3.05,6.2,36,2,140,0,68
"S0134",3,2.61,7,32,4,105,5,67
"S0134",4,2.96,6.1,39,2,,5,57
"S0135",1,3.55,7.3,27,1,135,6,86
"S0135",2,3.23,7.6,41,2,95,6,90
"S0135",3,3.29,7.9,30,5,100,3,82
"S0135",4,3,7.1,31,4,125,4,78
"S0136",1,2.92,7.5,31,5,0,6,76
"S0136",2,2.83,6.2,30,3,0,4,68
"S0136",3,3.02,6.8,31,7,0,3,69
"S0136",4,3.05,7.5,28,3,,8,69
"S0137",1,2.49,,34,2,460,4,40
"S0137",2,3.03,5.8,38,2,340,4,45
"S0138",1,3.08,7.5,13,4,0,15,55
"S0138",2,2.84,6.5,11,3,0,8,49
"S0138",3,2.7,7,8,5,0,7,61
"S0138",4,2.71,7.3,12,5,,8,64
"S0139",1,3.25,5.8,39,2,145,4,54
"S0139",2,3.59,5.8,37,0,160,0,46
"S0139",3,3.28,6.1,44,0,115,0,53
"S0139",4,3.76,6.1,42,2,110,2,56
"S0140",1,3.22,7.3,23,2,155,5,73
"S0140",2,3.26,6.9,29,3,215,2,65
"S0140",3,2.84,6.4,26,5,220,5,66
"S0140",4,2.88,6.8,23,4,155,4,61
"S0141",1,3.22,3.8,46,0,350,3,53
"S0141",2,2.77,3.5,45,2,275,3,64
"S0141",3,3.16,4.8,,0,245,0,60
"S0141",4,2.71,4.2,47,1,290,3,47
"S0142",1,2.95,6.3,57,0,305,8,48
"S0142",2,2.78,5.3,45,5,360,4,54
"S0142",3,2.57,5.6,58,1,230,3,56
"S0142",4,2.83,6.6,46,0,400,4,49
"S0143",1,3.19,6,34,1,200,6,46
"S0143",2,3.58,6.7,34,2,200,2,50
"S0143",3,3.26,6.3,40,1,260,8,57
"S0143",4,3.44,6.1,38,3,305,1,62
"S0144",1,3.2,6.9,29,5,145,1,66
"S0144",2,3.01,6.8,28,6,190,3,61
"S0144",3,3.05,6.2,29,5,230,5,61
"S0144",4,3.22,6.5,26,6,270,6,65
"S0145",1,3.17,7.5,18,7,205,8,68
"S0145",2,3.17,7.6,20,7,355,6,72
"S0145",3,3.5,6.7,23,1,285,2,72
"S0145",4,3,6.7,19,4,310,4,62
"S0146",1,3.51,7.9,24,7,175,4,71
"S0146",2,3.38,7.7,31,5,245,8,77
"S0146",3,3.21,7.5,30,5,175,3,71
"S0146",4,3.17,7.3,26,7,130,2,69
"S0147",1,2.52,7.7,4,5,95,0,70
"S0147",2,2.73,7.7,13,5,100,5,76
"S0147",3,2.49,7.3,14,3,70,0,74
"S0147",4,2.76,7.2,12,0,70,1,57
"S0148",1,3.1,5.3,26,1,550,6,64
"S0148",2,3.05,6.1,21,2,420,9,66
"S0148",3,3.33,6.2,29,5,375,14,80
"S0148",4,2.97,5.6,18,7,375,3,72
"S0149",1,3.17,5.5,33,2,430,5,39
"S0149",2,3.45,5.9,31,2,325,5,42
"S0149",3,3.23,5.6,31,2,280,3,44
"S0149",4,3.28,5.4,30,1,255,9,46
"S0150",1,3.42,5.8,39,1,270,3,35
"S0150",2,3.05,5.5,30,5,265,1,45
"S0150",3,2.96,5.4,26,1,180,1,48
"S0150",4,3.14,5.9,42,0,245,0,38
"S0151",1,2.92,7.5,21,5,135,2,85
"S0151",2,3.08,,29,5,105,6,79
"S0151",3,3.11,7.1,27,3,100,4,79
"S0151",4,3.27,7.7,22,7,115,7,86
"S0152",1,2.79,5.9,46,0,250,4,49
"S0152",2,2.73,6.1,42,2,235,4,43
"S0152",3,2.55,5.2,42,1,530,6,48
"S0152",4,2.84,5.7,36,0,275,6,52
"S0153",1,3.46,7.3,38,2,180,0,64
"S0153",2,3.12,7.6,43,1,155,0,64
"S0153",3,3.5,7,28,2,160,1,52
"S0153",4,3.19,6.9,40,1,205,2,55
"S0154",1,3.17,5,45,1,375,4,58
"S0154",2,3.19,4.7,40,2,305,1,58
"S0154",3,3.58,4.7,41,2,265,6,54
"S0154",4,3.35,5.9,44,0,225,2,57
"S0155",1,3.27,6.9,24,4,165,7,55
"S0155",2,3.11,6.8,21,1,130,2,66
"S0155",3,3.33,6.7,12,1,120,6,57
"S0155",4,3.08,6.1,24,4,205,3,59
"S0156",1,2.53,5.3,38,3,690,4,61
"S0156",2,2.87,4.7,41,1,625,4,62
"S0156",3,2.78,5,31,0,640,7,54
"S0156",4,2.93,5.9,40,3,585,2,69
"S0157",1,2.62,5,34,0,495,2,67
"S0157",2,2.71,5.2,22,3,265,2,68
"S0157",3,2.71,6.6,34,1,285,1,74
"S0157",4,2.9,,28,3,260,2,64
"S0158",1,3.93,7.5,23,2,55,12,76
"S0158",2,3.63,7.4,21,6,65,5,77
"S0158",3,3.86,7.2,20,3,50,0,70
"S0158",4,3.67,7.3,23,4,65,8,73
"S0159",1,3.91,7.1,17,2,145,10,70
"S0159",2,3.66,6.2,23,1,130,10,73
"S0159",3,3.8,6.1,24,3,220,15,73
"S0159",4,3.63,7,29,3,200,15,71
"S0160",1,2.84,7.2,8,5,0,4,58
"S0160",2,2.8,6.9,11,3,0,4,53
"S0160",3,2.82,6.3,9,2,0,6,49
"S0160",4,2.81,6.7,9,2,0,4,44
"S0161",1,2.88,5.6,49,3,310,2,54
"S0161",2,3.43,5.8,41,1,310,5,60
"S0161",3,3.06,6.6,44,3,245,3,51
"S0161",4,3.22,5.6,46,4,365,5,49
"S0162",1,2.69,5.9,21,1,150,3,74
"S0162",2,2.51,5.6,29,2,220,3,75
"S0162",3,2.65,5,25,1,265,1,79
"S0162",4,2.69,6,23,4,200,2,74
"S0163",1,3.45,6.9,37,2,165,1,54
"S0163",2,3.11,6.4,31,2,165,4,55
"S0163",3,3.22,7.1,34,1,200,5,53
"S0163",4,3.53,6.5,25,1,245,1,50
"S0164",1,3.41,7.5,30,7,150,3,55
"S0164",2,2.98,7.4,31,6,150,3,66
"S0164",3,3.59,8.6,33,5,150,4,71
"S0164",4,3.33,7.5,32,7,110,3,59
"S0165",1,3.38,4.6,32,2,675,7,48
"S0165",2,3,3.9,42,3,375,6,53
"S0165",3,3.47,4.1,45,5,510,2,52
"S0165",4,3.15,4.8,41,1,390,3,51
"S0166",1,3.51,7.5,26,2,65,7,74
"S0166",2,3.27,6.8,25,1,80,6,83
"S0166",3,3.39,6.3,,1,100,7,77
"S0166",4,3.4,6.3,23,4,60,9,77
"S0167",1,3.32,5.3,42,2,230,7,39
"S0167",2,3.02,5.9,45,1,205,7,53
"S0167",3,3.42,5.7,39,0,245,5,55
"S0167",4,3.34,5.5,37,1,205,5,57
"S0168",1,3.05,6.8,19,1,105,5,65
"S0168",2,3.34,6.8,33,2,90,6,72
"S0168",3,2.95,5.8,29,4,105,4,72
"S0168",4,3.41,,17,5,75,1,60
"S0169",1,3.42,8.1,36,6,100,8,65
"S0169",2,3.3,8.2,19,2,110,4,71
"S0169",3,3.33,8.1,28,3,115,2,71
"S0169",4,3.81,8.4,28,0,90,4,73
"S0170",1,3.3,7.6,23,4,110,3,66
"S0170",2,3.37,6.8,22,3,85,4,82
"S0170",3,3.42,6.5,27,4,95,8,77
"S0170",4,3.45,7.1,24,5,100,3,72
"S0171",1,3.2,6,14,7,135,4,68
"S0171",2,2.98,5.8,8,6,115,2,76
"S0171",3,3.43,6.8,8,6,100,5,69
"S0171",4,3.48,6.9,11,4,120,8,77
"S0172",1,3.17,6.3,31,0,315,5,60
"S0172",2,3.31,6,34,5,240,4,55
"S0172",3,3.09,6.1,32,2,350,9,61
"S0172",4,3.24,5.5,22,5,285,6,65
"S0173",1,3.27,7.5,11,2,115,5,74
"S0173",2,3.04,7.7,15,2,230,6,81
"S0173",3,2.7,7.4,8,4,130,2,72
"S0173",4,2.73,7.6,14,5,165,3,75
"S0174",1,2.78,5.4,42,2,415,1,48
"S0174",2,2.38,5.6,37,0,375,2,54
"S0174",3,2.39,5.5,40,0,350,6,45
"S0174",4,2.65,5.9,42,2,310,3,46
"S0175",1,3.47,7.3,32,1,210,5,87
"S0175",2,3.66,7.4,35,0,,6,84
"S0175",3,3.44,7.1,21,2,225,8,83
"S0175",4,3.45,7.2,25,3,260,6,85
"S0176",1,2.75,5.9,22,3,180,4,54
"S0176",2,2.56,6.4,24,3,150,8,69
"S0176",3,2.96,5.8,29,1,165,6,56
"S0176",4,2.73,5.7,24,0,175,4,53
"S0177",1,3.48,5.1,52,1,625,2,57
"S0177",2,3.44,6.1,37,1,450,3,67
"S0177",3,3.33,5,51,1,545,1,68
"S0177",4,3.16,4.9,39,2,555,1,67
"S0178",1,3.05,7.4,16,5,135,3,68
"S0178",2,2.72,7.3,17,4,150,6,61
"S0178",3,2.67,7.7,16,4,110,4,66
"S0178",4,2.86,7.2,18,2,110,2,55
"S0179",1,2.47,6.6,15,1,110,3,66
"S0179",2,2.38,6.4,13,1,140,3,73
"S0179",3,2.12,6.1,10,0,170,4,64
"S0179",4,2.69,6.6,17,2,135,1,71
"S0180",1,2.89,5.2,38,0,540,1,40
"S0180",2,3.09,5.1,45,3,380,2,40
"S0180",3,2.94,4.4,41,2,425,3,41
"S0180",4,2.99,4.9,37,4,500,6,36
"S0181",1,3.37,9.8,2,5,30,7,79
"S0181",2,3.23,10,2,5,25,2,80
"S0181",3,3.44,9.5,2,5,30,1,81
"S0181",4,3.45,9.4,3,6,20,2,81
"S0182",1,3.37,7,29,2,155,5,43
"S0182",2,3.21,6.6,28,0,135,4,55
"S0182",3,3.39,6.7,29,1,130,3,57
"S0182",4,3.27,7.8,28,4,125,2,67
"S0183",1,3.11,5.4,47,1,275,9,65
"S0183",2,3.27,5.6,49,2,225,9,51
"S0183",3,2.84,5.6,50,2,415,7,56
"S0183",4,3.31,6,55,3,230,9,62
"S0184",1,3.79,7.7,21,0,105,4,79
"S0184",2,3.49,7.8,21,6,160,7,74
"S0184",3,3.53,6.7,18,4,125,4,67
"S0184",4,3.53,6.9,17,5,110,2,74
"S0185",1,2.94,7.2,18,3,135,3,66
"S0185",2,2.95,7.7,25,5,115,4,78
"S0185",3,2.87,7.5,26,6,125,4,74
"S0185",4,2.86,7.5,22,4,130,4,70
"S0186",1,2.8,5.9,54,2,285,1,55
"S0186",2,2.41,6.2,52,2,265,7,64
"S0186",3,2.93,5.7,60,2,310,5,52
"S0186",4,2.59,5.9,46,2,200,3,54
"S0187",1,3.04,6.1,10,0,155,2,49
"S0187",2,2.98,5.8,11,0,150,3,55
"S0187",3,2.88,6,11,0,120,0,59
"S0187",4,2.86,5.8,15,1,130,4,59
"S0188",1,2.33,6.6,8,5,125,3,44
"S0188",2,2.82,5.9,17,5,110,2,52
"S0188",3,2.78,7.2,12,3,80,5,57
"S0188",4,2.65,5.9,15,2,90,7,48
"S0189",1,3.15,7.4,22,0,135,6,62
"S0189",2,2.96,7.7,19,1,,5,72
"S0189",3,3.08,6.7,17,5,90,1,61
"S0189",4,2.74,7.5,12,2,115,2,65
"S0190",1,3.04,5,49,2,285,5,46
"S0190",2,2.77,5.9,48,2,230,2,56
"S0190",3,2.7,5.7,53,2,245,5,50
"S0190",4,2.63,5.1,46,4,310,4,55
"S0191",1,3.07,5.6,31,3,140,2,64
"S0191",2,3.29,5.7,30,4,140,7,65
"S0191",3,3.35,5.5,32,3,130,5,60
"S0191",4,3.58,6.6,29,2,155,7,69
"S0192",1,3.52,8,33,7,80,10,71
"S0192",2,3.44,7.6,30,7,110,9,83
"S0192",3,3.31,8,33,7,100,4,73
"S0192",4,3.5,8.1,37,,70,4,73
"S0193",1,3.46,7.6,28,3,95,3,72
"S0193",2,3.55,7.5,22,4,105,3,77
"S0193",3,3.63,8.3,34,5,100,3,84
"S0193",4,3.77,8.6,24,1,130,4,70
"S0194",1,3.37,,46,2,140,4,65
"S0194",2,3.25,5.9,41,1,155,6,71
"S0194",3,3.28,6.2,39,1,115,3,74
"S0194",4,3.08,6.5,34,2,165,4,72
"S0195",1,2.74,3.6,59,0,840,3,58
"S0195",2,2.93,3.5,62,0,900,4,77
"S0195",3,2.85,4.2,62,0,730,8,78
"S0195",4,2.85,3.5,63,0,900,2,68
"S0196",1,3.05,5.3,48,2,0,1,51
"S0196",2,2.57,5.3,30,2,0,1,58
"S0196",3,2.77,5.4,36,2,0,2,61
"S0196",4,2.8,5.6,37,0,0,0,68
"S0197",1,2.91,6.9,16,0,60,8,93
"S0197",2,2.5,6.1,16,3,90,10,82
"S0197",3,2.88,6.7,22,5,,13,87
"S0197",4,2.84,6.5,21,2,120,5,80
"S0198",1,3.03,6.9,15,2,155,4,54
"S0198",2,2.86,6.3,13,2,180,2,52
"S0198",3,2.84,6.1,12,5,175,6,61
"S0198",4,2.88,6.3,13,4,220,4,54
"S0199",1,3.44,6.7,,2,120,4,73
"S0199",2,3.65,6.7,42,4,125,4,65
"S0199",3,3.38,6.4,44,3,150,3,66
"S0199",4,3.78,7.1,35,4,90,4,72
"S0200",1,3.37,5.8,38,1,330,2,45
"S0200",2,3.08,5.7,38,4,320,0,55
"S0200",3,2.9,6.1,31,0,355,0,53
"S0200",4,3.27,5.6,48,1,540,1,49
"S0201",1,2.86,5.3,34,2,190,6,60
"S0201",2,2.89,4.8,23,5,235,2,80
"S0201",3,2.89,5.4,28,2,300,2,65
"S0201",4,2.65,5.2,41,2,280,5,57
"S0202",1,3.04,5.9,35,2,0,1,49
"S0202",2,2.49,5.6,30,1,0,5,59
"S0202",3,2.86,6.9,31,1,0,5,56
"S0202",4,3.18,6.7,40,3,0,1,57
"S0203",1,2.99,7.4,7,1,150,1,54
"S0203",2,3.02,6.8,14,0,175,2,58
"S0203",3,2.98,6.8,22,1,180,1,58
"S0203",4,3.32,7.5,17,2,185,0,47
"S0204",1,2.93,5.4,36,1,245,1,60
"S0204",2,3.26,6.2,45,5,180,1,56
"S0204",3,2.93,,44,1,335,2,49
"S0204",4,3.34,5.6,46,2,270,2,44
"S0205",1,2.92,6.7,19,2,195,3,63
"S0205",2,3.02,6.2,13,0,180,0,64
"S0205",3,2.89,6.9,16,1,180,5,66
"S0205",4,3.13,6.5,14,2,180,2,60
"S0206",1,3.15,8.1,,3,125,6,54
"S0206",2,3.19,8.3,14,4,115,4,57
"S0206",3,3.27,7.8,12,3,145,3,48
"S0206",4,3.12,7.9,11,7,105,7,57
"S0207",1,3.29,5.8,45,1,270,3,47
"S0207",2,2.9,5.1,46,1,265,3,42
"S0207",3,3.04,5,51,1,305,0,43
"S0207",4,3.12,5.9,37,3,185,2,54
"S0208",1,3.32,7.3,28,2,165,3,91
"S0208",2,3.44,7.7,34,2,145,3,91
"S0208",3,3.4,7,37,1,135,1,84
"S0208",4,3.22,7.2,32,3,190,1,87
"S0209",1,3.21,6.3,38,0,150,6,36
"S0209",2,3.06,5.6,35,0,120,2,45
"S0209",3,3.24,6.3,38,1,105,7,44
"S0209",4,3.5,5.6,40,1,190,2,53
"S0210",1,3.5,7.6,9,0,100,3,76
"S0210",2,3.94,7.5,17,1,145,6,71
"S0210",3,3.79,8,18,0,145,6,79
"S0210",4,3.28,8.1,7,1,175,6,75
"S0211",1,3,4.8,45,0,320,2,47
"S0211",2,2.95,4.8,45,2,485,3,50
"S0211",3,2.89,4.2,40,0,650,5,48
"S0211",4,2.89,5.6,38,0,295,5,50
"S0212",1,3,7.2,11,1,105,7,67
"S0212",2,2.81,7.6,14,1,145,5,67
"S0212",3,3.22,7.2,17,3,115,11,65
"S0212",4,2.77,7.2,10,1,160,10,63
"S0213",1,3.33,7.4,14,3,105,8,66
"S0213",2,3.29,7.4,6,5,120,13,64
"S0213",3,3.39,7.2,8,1,100,9,70
"S0213",4,3.3,7.3,2,7,110,6,63
"S0214",1,3.61,7.4,18,4,200,3,66
"S0214",2,3.26,6.9,15,6,115,2,64
"S0214",3,3.37,7.4,22,1,160,10,70
"S0214",4,3.41,6.7,24,2,150,6,67
"S0215",1,3.37,7.1,11,0,125,8,60
"S0215",2,3.04,7,5,0,135,6,61
"S0215",3,2.91,6.7,12,2,125,7,53
"S0215",4,2.87,6.9,16,1,120,6,56
"S0216",1,3.89,8.5,31,6,90,7,77
"S0216",2,3.4,7.9,36,3,,7,74
"S0216",3,3.76,7.9,31,5,115,9,63
"S0216",4,3.36,8,28,3,110,10,75
"S0217",1,2.85,6.1,31,5,260,3,66
"S0217",2,3.11,6.8,31,4,220,3,65
"S0217",3,3.3,6.6,26,6,215,1,57
"S0217",4,3.16,6.4,27,2,345,5,60
"S0218",1,3.24,5,41,1,180,4,62
"S0218",2,3.42,6.1,40,2,145,4,69
"S0218",3,3.32,5.1,34,0,235,11,56
"S0218",4,3.11,5,44,1,230,14,42
"S0219",1,3.4,6.1,19,3,70,2,81
"S0219",2,3.57,6.2,20,7,40,4,83
"S0219",3,3.11,6.7,20,3,45,5,83
"S0219",4,3.4,6.9,15,2,50,4,80
"S0220",1,3.15,7.1,28,2,0,1,52
"S0220",2,2.91,7.1,26,0,0,1,65
"S0220",3,2.98,6.9,29,7,0,0,61
"S0220",4,3.01,6.2,24,1,0,0,55
"S0221",1,3.54,9.2,6,7,25,8,81
"S0221",2,3.21,9.5,9,4,30,7,86
"S0221",3,3.44,9.4,2,7,20,13,85
"S0221",4,3.35,9.5,5,7,20,3,94
"S0222",1,2.67,7.4,12,0,160,1,54
"S0222",2,2.57,6.8,9,,180,0,49
"S0222",3,2.35,6.3,13,5,225,0,40
"S0222",4,2.31,7.1,16,6,140,2,35
"S0223",1,3.21,7.2,21,5,120,10,74
"S0223",2,3.29,7.3,25,5,135,6,72
"S0223",3,3.07,7.8,22,7,110,5,77
"S0223",4,3.37,7.5,20,6,100,3,61
"S0224",1,2.89,6.3,17,3,145,0,73
"S0224",2,2.64,6.2,15,7,150,1,66
"S0224",3,3.02,5.8,22,2,145,6,53
"S0224",4,3.09,6.3,15,4,100,0,57
"S0225",1,2.66,6.5,8,5,100,4,71
"S0225",2,2.77,6.5,6,,135,4,62
"S0225",3,2.77,6.3,8,2,150,2,61
"S0225",4,2.57,6.6,8,1,135,7,60
"S0226",1,2.92,6,17,3,,2,54
"S0226",2,2.73,5.8,13,2,100,4,62
"S0226",3,2.62,6.3,6,0,100,1,63
"S0226",4,3.04,6.8,10,0,110,1,79
"S0227",1,3.12,7.1,23,2,,3,60
"S0227",2,3.1,7,27,3,100,5,61
"S0227",3,2.87,7.6,22,2,75,4,69
"S0227",4,2.89,7.6,28,4,95,4,73
"S0228",1,3.02,5.4,38,0,585,3,57
"S0228",2,3.09,5.3,39,0,565,4,50
"S0228",3,3.25,6.3,36,1,455,7,52
"S0228",4,3.14,5.8,40,3,540,9,46
"S0229",1,2.48,5.3,48,1,350,5,43
"S0229",2,2.72,6.1,49,1,215,5,45
"S0229",3,2.68,5.6,48,1,270,1,53
"S0229",4,2.95,5.4,51,1,240,3,41
"S0230",1,3.03,5.3,31,0,675,6,48
"S0230",2,2.98,5,37,2,625,2,58
"S0230",3,3.08,5.6,30,3,640,5,52
"S0230",4,3.31,5.6,40,3,535,6,44
"S0231",1,3.68,7.9,35,3,110,4,67
"S0231",2,3.16,7.7,26,2,95,6,61
"S0231",3,3.41,7.5,30,3,120,5,59
"S0231",4,3.51,7.2,28,3,70,8,56
"S0232",1,3.47,7.4,27,0,340,7,66
"S0232",2,3.6,8.2,26,3,315,10,71
"S0232",3,3.26,8.1,29,2,250,6,73
"S0232",4,3.81,7.6,24,3,230,7,66
"S0233",1,3.05,6.6,24,1,235,3,71
"S0233",2,3.37,6.1,22,4,190,5,77
"S0234",1,3.05,6.6,10,7,65,7,69
"S0234",2,3.08,6.2,17,7,105,6,71
"S0235",1,2.72,5.9,28,3,300,4,58
"S0235",2,2.28,5.7,27,3,330,2,60
"S0235",3,2.28,5.6,30,2,175,1,60
"S0235",4,2.48,5.4,28,6,260,3,57
"S0236",1,2.57,7.3,28,3,100,3,78
"S0236",2,2.39,7.1,10,1,100,3,77
"S0236",3,2.59,6.9,25,3,75,3,80
"S0236",4,2.7,7.1,12,5,70,0,74
"S0237",1,2.8,6,2,3,135,3,54
"S0237",2,2.71,5.9,16,1,155,2,68
"S0237",3,2.64,5.7,11,0,,5,63
"S0237",4,2.98,6.4,,3,165,5,66
"S0238",1,3.3,7.1,21,1,270,13,61
"S0238",2,3.07,7.3,27,1,185,8,67
"S0239",1,3.07,6.6,21,4,0,0,57
"S0239",2,3.02,6.5,18,2,0,1,72
"S0239",3,2.87,6.3,13,2,0,2,54
"S0239",4,3.27,7.2,16,3,0,1,59
"S0240",1,2.62,8,24,4,100,1,57
"S0240",2,3.2,6.7,19,6,90,5,54
"S0241",1,2.9,5,47,1,270,2,32
"S0241",2,3.02,4.9,40,1,315,4,44
"S0241",3,2.82,4.2,49,1,405,5,32
"S0241",4,2.87,4.9,45,0,290,4,38
"S0242",1,3.37,,2,3,145,5,65
"S0242",2,3.11,6.4,2,1,100,1,67
"S0242",3,3.34,7.2,5,4,135,4,61
"S0242",4,3.11,6.9,2,2,140,9,71
"S0243",1,3.35,6.9,31,2,120,2,77
"S0243",2,3.42,6.8,28,1,110,2,82
"S0243",3,3.89,6.8,31,4,175,5,80
"S0243",4,3.61,6.5,29,5,175,5,79
"S0244",1,3.34,8.3,19,7,110,10,60
"S0244",2,3.63,8.2,32,4,65,3,55
"S0244",3,3.73,7.9,26,5,90,8,62
"S0244",4,3.86,8.4,25,5,60,6,50
"S0245",1,3.01,7,6,5,135,3,67
"S0245",2,2.91,6.8,10,0,135,10,68
"S0245",3,2.75,6.6,15,3,170,7,75
"S0245",4,2.93,7.3,9,1,100,6,73
"S0246",1,3.15,4.8,37,4,220,6,56
"S0246",2,3.19,5.6,46,1,335,2,58
"S0246",3,3.17,5.6,46,1,300,4,62
"S0246",4,2.93,4.2,42,3,305,4,60
"S0247",1,2.81,5.4,2,3,255,4,47
"S0247",2,3.04,6.1,3,3,260,3,61
"S0247",3,2.69,5.5,6,2,275,1,55
"S0247",4,2.63,5.8,5,3,225,4,56
"S0248",1,2.76,7,28,2,155,4,62
"S0248",2,2.71,7.5,11,3,155,4,66
"S0248",3,2.94,8,25,0,150,5,61
"S0248",4,2.92,7.1,,4,180,3,57
"S0249",1,2.7,5.7,40,2,185,5,39
"S0249",2,2.49,4.9,48,3,250,3,45
"S0249",3,2.86,4.9,50,3,310,4,41
"S0249",4,2.75,5.6,47,0,295,5,41
"S0250",1,2.6,6.3,15,1,150,2,47
"S0250",2,2.92,6.6,20,0,155,4,45
"S0250",3,3.02,6.8,23,2,170,9,47
"S0250",4,2.67,6.8,17,1,155,1,48
"S0251",1,2.54,6.4,24,4,200,5,60
"S0251",2,2.69,6.8,23,4,275,1,65
"S0251",3,2.94,7.7,22,1,185,8,55
"S0251",4,3.15,7.7,22,2,175,1,64
"S0252",1,3.11,5.6,34,2,130,9,78
"S0252",2,3.44,5.8,41,2,95,6,80
"S0252",3,3.39,6,39,2,100,6,86
"S0252",4,3.43,5.4,46,0,90,6,76
"S0253",1,3.49,7.5,21,2,140,3,55
"S0253",2,2.94,7.1,22,3,110,3,62
"S0253",3,3.65,7.9,26,2,145,8,74
"S0253",4,3.32,7.1,26,6,90,5,73
"S0254",1,3.44,5.9,46,5,350,1,64
"S0254",2,2.83,4.9,40,1,520,2,63
"S0254",3,3.01,6.4,39,5,245,3,65
"S0254",4,3.15,6,49,1,280,0,65
"S0255",1,2.55,7.1,5,3,145,2,66
"S0255",2,2.91,7.5,2,5,80,2,62
"S0255",3,2.62,6.5,3,7,105,6,57
"S0255",4,2.92,7.4,2,2,115,1,56
"S0256",1,2.92,5.3,39,0,410,3,30
"S0256",2,3.26,5.5,43,1,440,1,42
"S0256",3,2.87,5,34,0,320,1,39
"S0256",4,3.12,5.5,37,0,445,2,38
"S0257",1,2.8,7.3,29,3,230,2,63
"S0257",2,2.61,6.7,28,1,115,1,66
"S0257",3,3.13,6.8,32,0,155,1,69
"S0257",4,2.97,6.9,33,3,,5,62
"S0258",1,3.55,7.5,13,1,140,4,69
"S0258",2,2.96,8.6,2,3,105,2,73
"S0258",3,2.96,7.5,13,2,120,9,77
"S0258",4,3.52,7.6,5,2,105,7,64
"S0259",1,2.54,6.7,24,3,190,4,34
"S0259",2,2.39,6,15,2,160,3,38
"S0259",3,2.69,6.3,20,1,205,0,31
"S0259",4,2.33,7.2,10,1,145,3,47
"S0260",1,3.17,7.1,28,6,160,4,72
"S0260",2,2.72,7.4,36,6,295,5,80
"S0260",3,2.68,7.1,36,5,210,2,73
"S0260",4,3,6.9,39,4,205,4,79
"S0261",1,3.36,8.1,26,4,130,7,75
"S0261",2,3.53,8,27,7,120,8,77
"S0261",3,3.57,7.9,31,1,95,7,67
"S0261",4,3.44,8.1,23,5,135,2,61
"S0262",1,3.03,7.4,17,3,290,2,70
"S0262",2,3.31,7.5,13,1,175,5,78
"S0262",3,3.34,7.3,23,1,165,5,73
"S0262",4,3.39,7.4,17,5,250,3,66
"S0263",1,3.4,6.4,46,1,190,4,58
"S0263",2,2.86,5.5,43,0,130,0,66
"S0263",3,3.13,5.6,42,0,200,1,53
"S0263",4,3.25,5.6,36,0,255,2,55
"S0264",1,3.52,6.7,34,5,0,7,60
"S0264",2,3.74,6.6,36,3,0,6,64
"S0264",3,3.65,6.6,26,5,0,4,64
"S0264",4,3.81,7.1,30,5,0,2,71
"S0265",1,2.71,4.6,42,4,360,3,44
"S0265",2,2.74,4.5,46,1,310,4,46
"S0265",3,2.79,5.4,39,2,275,2,38
"S0265",4,2.71,4.9,44,2,225,1,40
"S0266",1,2.36,5.6,52,1,220,1,40
"S0266",2,2.25,5.7,46,2,245,0,34
"S0266",3,2.77,4.9,43,2,280,3,40
"S0266",4,2.26,5.9,52,1,325,2,39
"S0267",1,3.06,5.6,33,0,160,15,62
"S0267",2,2.83,5.2,35,1,200,9,56
"S0267",3,2.81,5.4,43,0,190,6,69
"S0267",4,2.84,5.8,35,1,155,6,69
"S0268",1,3.9,8.9,25,4,0,5,66
"S0268",2,3.59,8.8,25,3,0,4,79
"S0268",3,3.33,8.5,28,1,0,10,71
"S0268",4,3.16,7.4,24,0,0,3,68
"S0269",1,2.71,7.3,23,2,95,4,61
"S0269",2,2.59,6.9,18,7,45,3,69
"S0270",1,3.26,6.8,30,4,155,2,45
"S0270",2,2.9,6.7,,1,110,2,47
"S0271",1,2.51,6.7,15,4,115,1,42
"S0271",2,2.46,5.6,11,1,230,4,53
"S0271",3,2.57,6.5,17,4,180,1,51
"S0271",4,2.3,5.5,14,2,145,1,58
"S0272",1,3.12,5.7,29,0,205,1,62
"S0272",2,2.92,6.5,22,,235,2,65
"S0272",3,3.09,7.2,28,1,155,5,57
"S0272",4,3.14,6.5,22,1,150,3,52
"S0273",1,2.56,4.8,34,0,290,2,51
"S0273",2,2.45,5.2,33,0,325,2,64
"S0273",3,2.69,4.9,30,2,360,2,54
"S0273",4,2.79,5.1,26,1,290,4,52
"S0274",1,3.05,6.3,26,6,260,4,62
"S0274",2,3.38,6.6,17,1,185,0,65
"S0274",3,3.2,5.8,20,3,250,3,56
"S0274",4,3.01,6.1,14,1,175,1,54
"S0275",1,3.03,8,28,1,145,5,72
"S0275",2,3.42,8.2,29,3,215,3,72
"S0275",3,3.31,7.9,29,6,170,4,71
"S0275",4,3.24,7.5,35,2,165,3,69
"S0276",1,3.04,6.2,15,2,50,7,35
"S0276",2,2.44,6.7,3,2,85,2,42
"S0276",3,2.5,7,7,2,65,5,38
"S0276",4,2.64,6.5,7,4,80,2,49
"S0277",1,3.16,,,5,160,4,76
"S0277",2,3.2,6.9,20,7,185,5,73
"S0277",3,3.22,7.5,25,3,145,6,69
"S0277",4,3.33,6.9,27,5,175,3,67
"S0278",1,2.96,4.8,35,1,365,7,44
"S0278",2,3.15,5.9,32,0,205,2,48
"S0278",3,3.08,6.1,30,3,360,6,59
"S0278",4,3.04,5.7,27,1,410,1,46
"S0279",1,3.36,6.6,14,3,185,4,54
"S0279",2,2.69,5.9,14,4,170,3,50
"S0279",3,3.08,6.6,19,1,210,11,58
"S0279",4,2.99,6.8,17,1,195,4,62
"S0280",1,3.73,6.7,29,2,80,2,79
"S0280",2,3.72,6.4,27,4,95,3,74
"S0280",3,3.67,7.4,25,5,,8,88
"S0280",4,3.42,7.1,27,3,80,3,84
"S0281",1,2.9,6.8,20,2,240,6,75
"S0281",2,3.11,7,9,5,215,6,71
"S0281",3,2.69,7,10,3,165,5,73
"S0281",4,3.11,6.8,11,3,180,6,69
"S0282",1,2.89,5.2,17,1,150,3,65
"S0282",2,2.22,5.2,10,1,90,2,75
"S0282",3,2.92,5.7,13,2,125,2,70
"S0282",4,2.7,5.7,7,4,85,4,66
"S0283",1,3.07,6.5,10,2,175,7,51
"S0283",2,2.77,6.1,6,1,165,4,67
"S0283",3,3.03,6.7,10,1,140,3,62
"S0283",4,2.83,6.3,7,2,170,7,64
"S0284",1,3.21,7.9,21,2,95,6,69
"S0284",2,3.09,7.1,27,1,85,6,66
"S0284",3,3.41,7.4,24,4,115,7,65
"S0284",4,3.11,7.2,19,0,130,6,56
"S0285",1,3.06,7.3,20,3,205,1,57
"S0285",2,2.57,6.6,24,2,145,0,44
"S0285",3,2.88,7.3,21,3,205,0,51
"S0285",4,3.34,6.8,23,2,200,3,49
"S0286",1,2.72,6.2,14,4,70,2,74
"S0286",2,2.74,6.4,11,2,65,4,72
"S0287",1,3.11,6.1,25,7,340,1,41
"S0287",2,3.19,6.4,33,4,475,2,49
"S0287",3,3.14,6.8,26,2,295,7,48
"S0287",4,3.19,6.4,27,3,395,5,57
"S0288",1,2.99,6.4,11,2,205,2,56
"S0288",2,2.58,6.1,7,3,230,5,52
"S0288",3,3.15,7,14,2,200,1,46
"S0288",4,3.05,6.2,16,3,160,2,51
"S0289",1,3.36,7.1,21,2,170,6,73
"S0289",2,3.28,,17,3,155,7,62
"S0289",3,3.44,7.2,22,2,150,4,74
"S0289",4,3.08,7.2,19,2,185,9,83
"S0290",1,3.02,7.5,12,2,120,1,88
"S0290",2,3.21,7.8,15,2,105,7,76
"S0290",3,3.11,6.9,17,1,85,6,57
"S0290",4,3.05,7,20,6,100,3,71
"S0291",1,3.35,7.2,25,6,60,5,64
"S0291",2,3.3,6.8,25,5,80,6,61
"S0291",3,3.33,6.7,27,,,3,66
"S0291",4,3.14,6.3,23,7,100,8,64
"S0292",1,3.3,6.9,24,0,0,4,69
"S0292",2,3.51,8.1,14,5,0,2,79
"S0292",3,3.62,7.6,21,1,0,5,70
"S0292",4,3.38,7.9,20,5,0,1,76
"S0293",1,3.16,7,31,0,120,9,66
"S0293",2,3.29,7.5,33,1,255,4,79
"S0293",3,3.44,7.7,30,4,135,5,84
"S0293",4,3.72,7.8,27,3,145,3,77
"S0294",1,3.8,6.5,19,3,210,1,59
"S0294",2,3.55,6.8,16,2,230,1,60
"S0294",3,3.4,6,14,1,375,1,67
"S0294",4,3.27,6.3,14,6,275,6,66
"S0295",1,3.13,5.6,37,3,155,5,48
"S0295",2,3.34,6.2,43,2,145,2,60
"S0295",3,2.98,5.4,38,2,220,3,60
"S0295",4,3.41,5.3,37,2,150,4,51
"S0296",1,2.99,6.3,38,0,170,4,27
"S0296",2,3.23,6.9,36,2,205,2,50
"S0296",3,3.03,,38,2,145,3,49
"S0296",4,2.98,5.8,40,1,155,2,37
"S0297",1,3.51,7.2,27,1,0,3,61
"S0297",2,3.07,6.9,23,1,0,3,61
"S0297",3,3.65,7.4,37,1,0,1,68
"S0297",4,3.44,8.2,24,0,0,1,63
"S0298",1,2.99,7.1,16,3,80,8,71
"S0298",2,2.65,7.2,9,1,80,6,71
"S0298",3,2.73,7.6,6,0,100,2,72
"S0298",4,2.61,7.2,8,6,80,13,63
"S0299",1,2.8,5.1,49,1,210,4,60
"S0299",2,2.97,5.6,46,0,210,5,59
"S0299",3,2.9,5.6,37,0,180,0,68
"S0299",4,3.18,6.5,50,1,,1,76
"S0300",1,3.47,7,30,4,155,6,70
"S0300",2,3.52,7,25,2,235,7,62
"S0300",3,3.48,7.2,35,2,125,4,62
"S0300",4,3.28,6.9,32,3,145,6,54
"S0301",1,3.23,6,49,3,0,3,64
"S0301",2,3.18,6.7,42,1,0,3,50
"S0301",3,3.25,6.6,43,1,0,3,46
"S0301",4,3.13,6.1,40,0,0,10,54
"S0302",1,3.02,7.2,20,1,170,8,59
"S0302",2,3.17,6.6,21,1,145,3,46
"S0302",3,3.12,7.4,13,2,170,5,54
"S0302",4,3.08,6,17,3,115,4,43
"S0303",1,2.93,6.1,52,2,130,2,61
"S0303",2,2.84,6.2,40,1,135,5,62
"S0303",3,2.88,5.4,43,5,120,1,58
"S0303",4,3.22,6.9,46,0,125,3,65
"S0304",1,2.91,7.7,4,1,195,3,57
"S0304",2,2.67,8,5,1,225,2,62
"S0304",3,2.76,7.4,2,0,270,4,57
"S0304",4,2.69,7.9,2,3,180,4,64
"S0305",1,2.81,7.3,,4,190,1,60
"S0305",2,2.79,6.1,25,5,220,0,53
"S0305",3,2.82,6.8,23,4,205,5,54
"S0305",4,2.74,6.9,21,3,210,2,60
"S0306",1,2.6,4.5,,1,260,4,46
"S0306",2,2.91,4.4,25,2,250,2,59
"S0306",3,2.96,5.1,29,0,185,7,58
"S0306",4,2.64,5.7,29,2,110,4,60
"S0307",1,3.28,5.5,47,0,0,5,44
"S0307",2,3.24,5.5,42,1,0,4,43
"S0307",3,3.49,5.6,43,4,0,2,47
"S0307",4,3.48,6.3,48,1,0,4,51
"S0308",1,3.26,5.5,38,1,350,4,47
"S0308",2,2.95,5,38,3,390,0,55
"S0308",3,2.88,4.5,46,1,415,1,50
"S0308",4,3.14,5.2,40,0,560,0,45
"S0309",1,3.2,8.2,32,3,135,3,75
"S0309",2,2.92,8.1,30,2,,4,69
"S0309",3,3.78,7.8,31,6,100,3,69
"S0309",4,3.18,7.2,22,6,185,8,73
"S0310",1,2.78,3.5,57,0,885,7,38
"S0310",2,2.59,4,63,0,715,4,46
"S0310",3,2.6,3.8,70,0,785,8,44
"S0310",4,2.87,3.9,62,2,735,7,48
"S0311",1,3.24,6.7,27,3,110,5,58
"S0311",2,3.21,7,24,1,120,4,50
"S0311",3,3.23,7.5,30,4,85,1,54
"S0311",4,3.14,7.3,27,3,75,5,45
"S0312",1,3.1,3.9,67,0,785,1,51
"S0312",2,3.34,3.5,65,0,725,5,54
"S0312",3,3.33,3.9,62,0,700,3,45
"S0312",4,2.97,3.5,59,0,760,5,55
"S0313",1,3.09,6.5,37,0,280,5,73
"S0313",2,3.51,6.4,34,0,285,4,63
"S0313",3,3.05,6.8,28,1,230,0,72
"S0313",4,3.21,5.4,35,2,290,4,52
"S0314",1,2.78,5.8,44,0,545,5,37
"S0314",2,2.85,5.3,49,2,450,7,53
"S0314",3,2.64,6.2,44,0,440,3,44
"S0314",4,2.65,5.9,42,0,435,7,41
"S0315",1,3.23,6,12,2,190,1,61
"S0315",2,3.15,6.3,11,1,120,1,71
"S0316",1,3.11,6.9,27,7,155,2,70
"S0316",2,3.42,6.9,25,5,110,3,72
"S0316",3,3.25,7.5,22,7,140,2,79
"S0316",4,3.51,7.5,26,2,120,5,65
"S0317",1,2.88,7.5,28,4,75,5,70
"S0317",2,3.12,7.1,37,5,80,2,77
"S0317",3,3.33,7.4,31,2,80,4,86
"S0317",4,2.7,7.6,36,0,65,7,57
"S0318",1,3.3,6.9,23,0,335,1,52
"S0318",2,3.03,7.2,32,2,270,1,64
"S0319",1,2.96,6.1,22,2,335,5,54
"S0319",2,2.72,6.8,26,2,245,9,61
"S0319",3,2.21,5.9,25,2,245,4,51
"S0319",4,2.91,5.8,29,0,295,1,49
"S0320",1,3.68,5,55,2,280,14,67
"S0320",2,3.18,5.8,48,4,295,12,51
"S0320",3,3.44,5.7,46,3,260,6,49
"S0320",4,3.5,5.7,50,1,305,10,43
"S0321",1,2.94,5.7,31,1,205,8,54
"S0321",2,2.86,5.8,35,1,255,6,55
"S0321",3,2.99,5.9,36,2,305,5,56
"S0321",4,2.92,5.9,44,2,230,5,45
"S0322",1,3.11,6,24,2,100,8,63
"S0322",2,2.86,6.3,18,2,100,7,62
"S0322",3,2.82,6.9,21,2,65,4,56
"S0322",4,2.86,6.4,22,0,110,9,58
"S0323",1,3.11,7.2,18,4,90,8,73
"S0323",2,2.83,6.5,21,3,100,5,60
"S0323",3,3.11,6.6,16,3,85,3,61
"S0323",4,2.97,6.6,19,3,90,5,65
"S0324",1,2.89,6.2,47,2,345,6,57
"S0324",2,2.71,5.3,49,2,410,8,41
"S0324",3,2.75,4.4,42,3,605,7,44
"S0324",4,3.06,4.6,49,0,465,7,33
"S0325",1,3.4,7.3,19,1,115,10,66
"S0325",2,3.55,6.8,19,4,170,5,63
"S0325",3,3.53,6.5,23,6,180,3,60
"S0325",4,3.47,7.5,23,5,175,5,59
"S0326",1,2.3,5.5,41,0,310,4,24
"S0326",2,2.56,5.5,48,1,305,3,36
"S0326",3,2.38,5.7,45,1,290,6,33
"S0326",4,2.66,4.4,46,2,455,7,25
"S0327",1,2.93,7.1,8,1,150,1,81
"S0327",2,2.87,6.8,8,3,120,7,69
"S0327",3,3.25,7.1,20,3,145,4,74
"S0327",4,3.08,6.5,20,6,130,4,72
"S0328",1,2.58,6.8,2,2,90,4,56
"S0328",2,2.38,7,2,3,130,6,60
"S0328",3,2.44,7.1,4,2,100,0,69
"S0328",4,2.42,6.6,2,6,145,3,62
"S0329",1,3.34,6.5,28,3,225,3,49
"S0329",2,3.29,6,28,0,325,4,42
"S0329",3,3.04,6.2,19,1,240,1,35
"S0329",4,3.1,5.4,23,2,350,1,37
"S0330",1,3.41,7.6,15,0,75,5,76
"S0330",2,3.18,8.3,23,4,85,1,76
"S0330",3,3.05,8,13,,70,3,69
"S0330",4,3.23,7.8,16,2,70,2,74
"S0331",1,3.09,7.1,18,4,140,2,90
"S0331",2,3.17,7.8,13,5,185,5,89
"S0331",3,3.26,7.5,21,2,210,12,95
"S0331",4,3.4,7.2,20,4,250,4,88
"S0332",1,3.05,7.2,23,1,0,8,62
"S0332",2,2.98,7.4,22,3,0,6,63
"S0332",3,2.87,7.4,23,3,0,6,58
"S0332",4,2.88,7.1,19,5,0,3,62
"S0333",1,3.2,5.1,38,2,355,6,52
"S0333",2,3.08,5.1,39,0,400,5,48
"S0333",3,3.11,5.1,39,1,390,4,54
"S0333",4,3.3,4.8,40,3,320,2,44
"S0334",1,2.91,6,51,1,240,6,60
"S0334",2,3.27,5.8,45,0,275,8,61
"S0334",3,2.99,5.7,40,0,170,0,57
"S0334",4,2.68,4.9,48,0,375,4,53
"S0335",1,3.15,5.9,29,0,95,2,51
"S0335",2,3.02,5.6,36,1,150,7,63
"S0335",3,2.72,5.4,36,1,85,7,62
"S0335",4,3.03,5,36,1,180,4,49
"S0336",1,2.69,6.1,25,1,200,3,55
"S0336",2,2.6,5.8,20,3,280,5,50
"S0336",3,2.68,6.6,28,2,200,2,39
"S0336",4,2.76,6.4,30,3,195,0,44
"S0337",1,3.61,6.2,36,2,0,7,45
"S0337",2,3.36,6.2,30,0,0,4,35
"S0337",3,3.4,5.9,32,2,0,7,45
"S0337",4,3.03,6.3,36,1,0,6,40
"S0338",1,3.07,7.5,25,0,120,6,92
"S0338",2,3.43,7.7,32,2,90,6,69
"S0338",3,3.33,7.7,35,4,105,4,76
"S0338",4,2.89,6.8,28,2,80,3,68
"S0339",1,3.49,7.3,37,0,185,2,79
"S0339",2,3.26,6.3,38,1,270,2,86
"S0339",3,3.91,7.5,42,2,185,4,77
"S0339",4,3.2,6.4,44,0,220,6,68
"S0340",1,3.09,8.2,31,1,0,6,59
"S0340",2,2.92,7.4,23,1,0,8,61
"S0340",3,3.05,8,22,0,0,3,77
"S0340",4,3.23,8.4,20,3,0,5,64
"S0341",1,3.06,7.2,2,2,0,2,87
"S0341",2,2.69,7.3,2,3,0,2,87
"S0341",3,3,6.9,7,2,0,5,88
"S0341",4,2.75,6.2,6,4,0,3,86
"S0342",1,2.71,5,16,5,220,2,42
"S0342",2,2.8,5.9,19,5,235,2,48
"S0342",3,2.44,4.9,15,3,250,4,41
"S0342",4,2.57,4.8,21,4,210,4,42
"S0343",1,2.71,6.7,25,4,255,3,53
"S0343",2,2.54,6.7,24,4,205,2,52
"S0343",3,2.46,6.7,26,0,240,0,58
"S0343",4,2.41,6.6,22,2,285,3,61
"S0344",1,3.45,6.2,36,1,265,3,59
"S0344",2,3.43,4.7,41,1,235,2,49
"S0344",3,3.57,5.8,37,1,190,6,51
"S0344",4,3.45,6.3,36,1,225,3,50
"S0345",1,2.23,5.9,34,1,0,4,50
"S0345",2,2.45,6.2,39,2,0,5,49
"S0345",3,2.85,5.7,47,1,0,3,47
"S0345",4,2.64,6.3,43,0,0,3,46
"S0346",1,3.59,7.3,15,1,0,7,55
"S0346",2,3.32,6.8,16,4,0,5,58
"S0346",3,3.28,7.6,16,3,0,6,54
"S0346",4,3.21,7,11,2,0,9,53
"S0347",1,3.03,5.8,22,0,205,1,57
"S0347",2,2.92,5.7,26,3,135,3,55
"S0347",3,3.16,6.3,31,2,130,5,56
"S0347",4,3.24,6,29,2,185,4,60
"S0348",1,3.37,6.3,42,2,115,6,61
"S0348",2,3.04,5.5,40,1,150,2,53
"S0348",3,3.02,6.4,39,4,195,7,57
"S0348",4,3.09,6.1,30,2,165,6,53
"S0349",1,2.91,6.2,39,2,0,4,60
"S0349",2,2.94,6.6,32,0,0,5,75
"S0349",3,3.16,6.8,25,2,0,4,71
"S0349",4,3.05,7,32,4,0,4,71
"S0350",1,3.17,7.6,20,2,170,6,77
"S0350",2,3.22,7.1,31,4,215,6,72
"S0351",1,3.21,6.7,32,4,155,2,70
"S0351",2,3.18,7.2,32,5,85,4,71
"S0351",3,3.1,6.5,33,5,80,2,66
"S0351",4,3.07,6.6,30,0,140,5,69
"S0352",1,3.07,6.7,38,2,305,6,60
"S0352",2,2.84,6.4,44,4,295,9,61
"S0352",3,3.24,6.8,39,6,270,8,69
"S0352",4,3.17,7.1,40,2,270,11,66
"S0353",1,3.22,6.5,25,4,170,6,59
"S0353",2,3.09,6.8,27,1,135,5,60
"S0353",3,3.18,6.8,23,1,160,6,56
"S0353",4,3.06,6.9,24,2,145,2,58
"S0354",1,2.95,5.8,23,2,410,7,57
"S0354",2,2.92,5,17,2,415,6,44
"S0354",3,2.99,5.5,18,1,620,1,52
"S0354",4,2.71,6.6,16,2,370,6,55
"S0355",1,2.98,8.3,24,2,80,4,50
"S0355",2,3.43,8,21,3,110,1,59
"S0355",3,3.3,7.6,18,1,80,8,63
"S0355",4,3.23,7.3,19,2,105,5,61
"S0356",1,3.11,6.2,10,1,215,5,56
"S0356",2,3.15,5.8,4,6,320,7,60
"S0356",3,3.51,6.6,6,3,295,4,60
"S0356",4,3.12,7.1,7,4,355,4,60
"S0357",1,3.27,6.6,27,5,70,5,70
"S0357",2,3.18,6.8,25,3,70,7,80
"S0357",3,3.29,6.2,22,2,60,6,74
"S0357",4,3.04,6.4,27,2,75,4,77
"S0358",1,2.69,5.1,31,1,245,0,44
"S0358",2,2.64,5.9,29,1,200,3,49
"S0358",3,2.48,4.9,33,1,260,2,54
"S0358",4,2.64,5.2,29,0,260,3,35
"S0359",1,3.25,6.7,23,5,110,9,62
"S0359",2,3.67,7.4,16,3,120,10,60
"S0359",3,3.15,7.4,27,7,95,6,71
"S0359",4,3.39,6.9,22,7,95,5,65
"S0360",1,2.55,7.2,6,2,110,10,59
"S0360",2,2.9,7.7,11,1,170,3,47
"S0360",3,3.42,7.6,17,1,145,4,55
"S0360",4,3.16,7.5,12,2,130,3,52
"S0361",1,2.35,5.9,4,0,170,3,73
"S0361",2,2.17,6.3,2,2,160,5,70
"S0361",3,2.16,6,2,1,245,2,84
"S0361",4,2.4,7,3,3,,1,64
"S0362",1,3.94,6.4,30,4,95,6,81
"S0362",2,3.15,6.6,39,7,90,4,80
"S0362",3,3.43,7.2,43,7,110,5,81
"S0362",4,3.05,6.2,33,2,85,5,73
"S0363",1,3.66,6.2,30,5,285,1,82
"S0363",2,3.34,6.6,26,1,290,1,83
"S0363",3,3.82,6.4,26,,195,7,75
"S0363",4,3.55,6.7,23,2,270,4,82
"S0364",1,3.01,6.8,7,1,170,7,75
"S0364",2,2.91,7.9,5,1,165,8,70
"S0364",3,2.9,6.6,6,1,205,3,62
"S0364",4,2.93,7.2,8,1,200,8,70
"S0365",1,3.09,4.9,53,0,440,0,45
"S0365",2,2.82,5.6,51,3,435,0,48
"S0365",3,2.84,5.3,48,2,470,0,49
"S0365",4,3.09,5.1,50,3,495,1,39
"S0366",1,2.94,6.6,27,3,40,5,76
"S0366",2,3.24,7,24,0,50,9,77
"S0366",3,3.59,7,18,6,55,8,89
"S0366",4,2.9,7,27,5,65,8,86
"S0367",1,2.99,7.4,34,7,115,2,64
"S0367",2,3.24,7.2,31,2,120,7,69
"S0367",3,3.21,7.1,33,1,110,6,67
"S0367",4,3.2,7.4,35,4,135,4,62
"S0368",1,3.09,7.6,27,4,140,2,50
"S0368",2,2.62,7.3,16,3,135,2,48
"S0368",3,2.72,7.8,21,2,135,5,43
"S0368",4,2.8,7.1,31,3,120,6,44
"S0369",1,3.49,6.1,23,3,215,0,82
"S0369",2,3.34,6.7,29,3,150,3,90
"S0369",3,3.09,6.6,28,4,130,3,91
"S0369",4,3.44,5.9,30,3,215,3,84
"S0370",1,3.55,6,50,1,170,4,75
"S0370",2,3.23,6.5,47,0,130,4,80
"S0370",3,3.4,5.4,55,2,135,1,67
"S0370",4,3.33,5.4,52,2,140,3,81
"S0371",1,2.93,4.1,36,2,650,2,53
"S0371",2,2.49,3.5,35,1,660,11,73
"S0371",3,2.32,3.5,34,3,785,4,62
"S0371",4,2.51,3.5,26,2,635,3,61
"S0372",1,3.64,6.7,23,2,0,1,57
"S0372",2,3.31,6.3,22,2,0,9,68
"S0372",3,3.67,6.7,19,3,0,4,70
"S0372",4,3.38,6.4,13,3,0,4,69
"S0373",1,2.74,6.6,21,2,140,0,42
"S0373",2,2.93,6.9,18,6,165,4,37
"S0374",1,3.43,5.9,37,1,240,5,70
"S0374",2,3.72,6.1,28,7,140,8,74
"S0374",3,3.4,6.3,27,1,285,3,76
"S0374",4,3.25,6.8,27,1,165,5,71
"S0375",1,3.33,6.4,21,1,180,0,65
"S0375",2,3.1,6.5,20,4,205,2,67
"S0375",3,2.99,6.7,19,2,180,3,67
"S0375",4,3.45,6.8,20,0,185,2,61
"S0376",1,3.08,6.9,21,1,180,1,51
"S0376",2,2.86,6.6,17,1,235,6,57
"S0376",3,3.15,7,19,1,160,5,51
"S0376",4,3.16,7.1,23,3,230,3,55
"S0377",1,3.07,5.9,31,1,200,2,48
"S0377",2,3.32,6.2,31,2,120,3,54
"S0377",3,3.38,7.2,36,7,140,3,60
"S0377",4,3.09,6.3,27,7,195,5,54
"S0378",1,3.35,7.4,24,4,75,3,77
"S0378",2,2.97,7.2,17,1,85,4,87
"S0378",3,3.3,8,18,5,65,1,73
"S0378",4,3.35,7.2,21,2,70,1,74
"S0379",1,3.21,6.4,15,1,170,6,64
"S0379",2,3.33,6.4,24,,185,2,82
"S0379",3,3.33,6.1,22,0,210,2,71
"S0379",4,3.31,6.5,11,0,150,3,78
"S0380",1,3.5,6.5,,1,0,3,71
"S0380",2,3.47,6.9,41,3,0,8,60
"S0381",1,3.05,5.2,15,0,225,14,55
"S0381",2,2.72,5.8,21,4,360,4,51
"S0381",3,2.88,6.2,23,5,260,9,58
"S0381",4,2.94,6.1,23,6,265,4,53
"S0382",1,3.34,6.8,27,5,135,4,63
"S0382",2,3.46,6.8,31,7,140,2,86
"S0382",3,3.73,6.7,33,7,260,5,67
"S0382",4,3.45,8.1,28,7,160,5,74
"S0383",1,3.16,9.4,2,5,25,6,75
"S0383",2,3.18,9.6,2,7,20,5,73
"S0383",3,3.36,10,5,3,15,1,74
"S0383",4,3.38,9.4,8,5,25,4,65
"S0384",1,2.49,5.7,16,0,175,5,67
"S0384",2,2.76,6.2,18,1,175,5,64
"S0384",3,2.58,5.7,20,1,185,4,68
"S0384",4,2.6,5.5,19,1,225,2,58
"S0385",1,2.98,5.4,35,1,490,1,36
"S0385",2,3.47,6,36,4,285,1,34
"S0385",3,3.08,5.9,33,5,315,1,29
"S0385",4,3.13,6.2,37,0,325,0,37
"S0386",1,2.95,5.9,49,0,250,4,69
"S0386",2,2.99,5.7,45,0,345,6,65
"S0386",3,2.89,5.6,42,0,335,3,59
"S0386",4,2.99,5.7,42,0,400,4,65
"S0387",1,2.6,5.6,35,6,260,4,57
"S0387",2,2.93,6,32,1,190,3,65
"S0387",3,2.75,5.9,28,1,255,4,67
"S0387",4,3.12,6.7,41,2,215,5,62
"S0388",1,3.99,7.8,11,0,65,10,87
"S0388",2,3.7,7.4,11,0,45,12,79
"S0388",3,3.77,6.8,16,2,55,15,63
"S0388",4,4,7.4,17,3,40,10,72
"S0389",1,3.17,5.6,41,0,280,5,63
"S0389",2,3.18,5.4,45,1,190,0,50
"S0389",3,3.36,5.9,42,3,385,4,69
"S0389",4,3.7,6.1,41,1,180,5,59
"S0390",1,3.17,8,19,3,140,5,57
"S0390",2,3.12,7.7,23,4,225,7,54
"S0390",3,3.12,6.6,19,4,175,9,67
"S0390",4,2.86,6.2,35,4,205,4,48
"S0391",1,3.08,7.2,32,4,110,6,67
"S0391",2,2.81,6.3,35,5,55,6,73
"S0391",3,2.87,6.7,26,3,65,5,59
"S0391",4,3.24,7.3,24,5,40,4,66
"S0392",1,3.47,5.3,45,1,185,1,66
"S0392",2,3.5,4.7,43,0,220,6,54
"S0392",3,3.39,5.1,53,0,265,0,67
"S0392",4,3.25,4.7,47,0,310,7,62
"S0393",1,2.86,6.2,47,3,175,3,60
"S0393",2,3.12,5.6,46,2,165,6,51
"S0393",3,3.52,6.7,49,0,175,3,44
"S0393",4,3.23,6.1,49,1,115,4,40
"S0394",1,3.06,5.7,36,1,130,2,63
"S0394",2,2.77,6.2,38,3,145,3,72
"S0395",1,2.77,6.7,12,3,120,3,62
"S0395",2,3.05,6.4,12,2,100,5,57
"S0396",1,3.41,8.3,20,3,100,6,63
"S0396",2,3.45,7.8,17,3,80,1,74
"S0396",3,3.61,9.1,18,3,85,5,72
"S0396",4,3.06,7.4,20,2,60,2,55
"S0397",1,3.37,6.4,34,3,95,9,63
"S0397",2,3.35,7.1,26,3,85,9,82
"S0397",3,3.27,7.2,32,5,70,10,70
"S0397",4,3.44,,39,2,60,8,70
"S0398",1,3.42,7.4,11,2,100,7,76
"S0398",2,2.97,6.8,8,2,75,6,75
"S0398",3,2.76,6.3,15,1,60,5,65
"S0398",4,2.66,6.1,6,1,100,4,59
"S0399",1,2.9,6.6,9,2,320,3,58
"S0399",2,3.02,6.8,4,4,245,8,55
"S0399",3,2.77,5.8,7,5,285,5,46
"S0399",4,3.06,5.9,14,1,295,7,40
"S0400",1,2.61,4.4,50,2,250,5,57
"S0400",2,2.62,5.2,51,1,235,5,56
"S0400",3,2.93,4.9,51,0,310,3,53
"S0400",4,2.98,4.1,49,2,440,2,58
"S0401",1,3.12,5.9,52,1,180,4,71
"S0401",2,2.82,5.4,60,6,210,4,67
"S0401",3,3.19,5.7,53,2,275,4,72
"S0401",4,3.21,6.2,56,2,290,4,64
"S0402",1,3.21,6.3,18,1,0,4,51
"S0402",2,3.44,6.8,21,3,0,4,60
"S0402",3,3.15,6.9,16,2,0,8,44
"S0402",4,3.47,7,20,4,0,7,50
"S0403",1,2.85,5.7,20,1,0,5,68
"S0403",2,2.91,6.3,21,1,0,2,71
"S0403",3,2.97,5.9,20,1,0,2,63
"S0403",4,2.92,6.3,19,0,0,6,79
"S0404",1,3.31,7.1,33,6,30,5,75
"S0404",2,3.44,7.6,30,4,50,8,84
"S0404",3,3.96,6.6,26,4,45,4,76
"S0404",4,3.42,7.5,41,2,45,8,71
"S0405",1,3.9,6.6,44,2,80,6,44
"S0405",2,3.78,6.6,33,1,100,3,42
"S0405",3,3.49,5.7,40,1,95,8,38
"S0405",4,3.9,6.5,,2,80,2,40
"S0406",1,3.09,6.6,12,0,180,3,62
"S0406",2,2.7,6.9,8,1,235,1,55
"S0406",3,2.99,6.4,21,3,260,2,57
"S0406",4,2.77,6.1,10,2,250,0,41
"S0407",1,3.03,6.6,26,7,100,1,51
"S0407",2,3.24,6.4,22,7,110,1,68
"S0407",3,2.78,6.3,13,3,135,4,60
"S0407",4,2.93,6.1,19,5,175,2,60
"S0408",1,3.7,7.4,23,3,190,10,87
"S0408",2,3.5,6.7,19,2,280,8,89
"S0408",3,3.69,6.9,35,2,185,10,86
"S0408",4,3.64,7.1,27,4,280,5,79
"S0409",1,3.01,10,5,6,20,2,71
"S0409",2,2.92,9.6,2,5,20,1,85
"S0409",3,2.98,10,12,5,20,8,71
"S0409",4,2.08,9.4,2,7,15,3,69
"S0410",1,2.7,4.9,28,0,310,5,52
"S0410",2,2.51,4.7,31,2,200,4,59
"S0410",3,2.53,4.1,33,0,380,1,61
"S0410",4,2.66,4.4,30,1,265,3,61
"S0411",1,3.28,4.8,48,2,260,9,62
"S0411",2,3.29,5,49,4,200,6,69
"S0411",3,3.19,4.8,45,1,295,9,55
"S0411",4,3.22,5.7,53,1,215,7,62
"S0412",1,3.27,5.7,44,3,340,4,49
"S0412",2,3.08,5.8,40,6,210,1,47
"S0412",3,3.17,6.7,43,4,165,5,52
"S0412",4,3.09,6.5,39,2,175,4,57
"S0413",1,3.41,6.1,53,0,325,1,56
"S0413",2,3.17,5.9,50,0,300,2,61
"S0413",3,3.85,6.8,52,2,240,4,64
"S0413",4,3.51,6.5,50,1,330,3,58
"S0414",1,3.43,5.9,,2,120,1,66
"S0414",2,3.38,5.9,,1,125,3,61
"S0415",1,3.34,6.2,52,2,305,6,62
"S0415",2,3.36,5.6,56,2,305,5,65
"S0415",3,3.35,6,47,0,340,4,54
"S0415",4,3.34,5.6,51,1,,5,63
"S0416",1,2.88,6.2,19,1,270,1,42
"S0416",2,3,7.9,18,0,165,1,52
"S0416",3,2.81,7.1,15,0,130,3,45
"S0416",4,2.97,6.7,24,3,145,1,56
"S0417",1,3.29,7.5,11,2,65,5,77
"S0417",2,3.39,7.3,12,5,100,5,78
"S0417",3,3.43,7,11,1,70,11,76
"S0417",4,3.08,6.9,8,7,55,6,70
"S0418",1,2.83,6.4,20,4,135,5,49
"S0418",2,2.91,6.9,21,1,115,4,66
"S0418",3,2.82,7,29,5,165,1,60
"S0418",4,3.17,5.8,27,2,140,2,48
"S0419",1,3.26,5.7,20,1,145,6,49
"S0419",2,3.16,5.9,22,4,195,9,49
"S0419",3,3.17,6,14,4,135,9,55
"S0419",4,3.09,6.7,18,4,110,4,42
"S0420",1,2.83,7.8,16,3,140,1,57
"S0420",2,2.77,6.7,13,2,225,3,71
"S0420",3,2.52,7,11,3,210,3,62
"S0420",4,2.63,7.5,14,4,120,1,56
"S0421",1,3.21,7.6,20,,90,2,64
"S0421",2,3.3,7.7,26,2,80,9,56
"S0421",3,3.03,6.9,23,6,115,6,56
"S0421",4,3.37,7.5,23,4,75,3,54
"S0422",1,2.6,5.7,27,0,65,1,65
"S0422",2,2.85,5.9,28,1,70,4,63
"S0422",3,3.01,6.8,36,3,75,2,61
"S0422",4,2.65,6,26,0,65,7,56
"S0423",1,3.52,4.8,34,0,190,5,49
"S0423",2,3.12,5,41,1,385,6,43
"S0423",3,2.85,4.9,30,1,255,7,53
"S0423",4,3.47,5.7,46,1,260,7,48
"S0424",1,2.89,6.8,9,0,160,2,58
"S0424",2,2.83,6,4,1,155,2,56
"S0424",3,2.77,6.7,6,0,80,0,62
"S0424",4,2.63,6.9,5,3,120,0,59
"S0425",1,3.38,5.7,17,1,260,5,59
"S0425",2,3.47,6.5,29,1,170,5,58
"S0425",3,3.44,7.3,18,2,180,5,55
"S0425",4,3.48,6.4,,2,275,3,69
"S0426",1,3.38,7.3,29,2,55,5,69
"S0426",2,3.47,7.5,35,2,85,11,84
"S0426",3,3.28,6.6,34,1,65,11,73
"S0426",4,3.47,7.7,30,2,55,4,71
"S0427",1,3.32,8.4,21,0,170,5,90
"S0427",2,3.73,8.1,27,4,165,4,98
"S0427",3,3.48,8.8,23,5,135,10,89
"S0427",4,3.72,8.4,23,1,190,8,88
"S0428",1,3.28,7.4,26,2,230,6,62
"S0428",2,2.99,6.7,21,0,195,4,61
"S0428",3,2.82,5.8,21,6,245,3,54
"S0428",4,3.16,6.2,25,4,295,5,58
"S0429",1,3.54,7.8,17,3,100,5,75
"S0429",2,3.18,7.6,25,3,95,4,71
"S0429",3,3.48,7,25,3,130,5,60
"S0429",4,3.29,7.5,20,3,115,4,68
"S0430",1,2.51,6.4,22,5,175,3,61
"S0430",2,2.83,6,28,5,175,3,63
"S0430",3,2.83,5.5,15,2,170,0,52
"S0430",4,2.8,6.1,21,3,175,4,53
"S0431",1,3.04,6.6,20,3,140,7,63
"S0431",2,3.3,6.9,22,2,165,8,77
"S0432",1,3.35,6.6,24,3,185,4,57
"S0432",2,3.65,6.8,30,4,160,2,45
"S0432",3,3.53,7.3,20,5,150,4,56
"S0432",4,3.3,6.7,20,2,140,4,53
"S0433",1,2.8,5.4,43,2,195,5,56
"S0433",2,2.93,5.6,42,2,340,1,63
"S0433",3,2.81,5.7,38,2,225,8,65
"S0433",4,2.92,5.3,38,2,255,3,63
"S0434",1,2.53,7.3,19,4,180,2,46
"S0434",2,2.78,7.8,18,0,95,2,59
"S0434",3,2.84,7.8,15,0,145,1,65
"S0434",4,2.75,7.4,18,0,170,0,57
"S0435",1,3.03,6.4,42,0,140,7,70
"S0435",2,3.65,4.5,44,3,140,7,43
"S0435",3,3.4,6,38,1,120,5,49
"S0435",4,3.26,5.9,47,0,140,6,48
"S0436",1,3.1,7.2,14,4,85,5,50
"S0436",2,3.47,7.8,28,5,50,4,61
"S0436",3,3.11,7.6,24,2,95,5,48
"S0436",4,3.22,8,21,4,85,1,52
"S0437",1,2.59,3.9,35,1,470,4,30
"S0437",2,2.86,4.6,31,0,305,3,35
"S0437",3,2.89,4.8,43,0,275,3,41
"S0437",4,3.08,5,38,1,310,3,31
"S0438",1,3.29,8,20,2,70,4,67
"S0438",2,3.51,8.2,22,4,55,5,68
"S0438",3,3.76,7.8,23,2,60,6,65
"S0438",4,3.57,7.6,32,4,95,9,63
"S0439",1,3.48,6,24,4,150,1,60
"S0439",2,3.28,6.8,22,5,140,5,60
"S0439",3,2.95,5.8,20,4,195,0,56
"S0439",4,3.45,6.4,30,3,215,6,71
"S0440",1,3.47,7.3,14,4,130,7,68
"S0440",2,3.38,8.4,20,5,95,5,69
"S0441",1,3.08,7.6,2,2,200,7,57
"S0441",2,3.6,7,3,3,170,7,58
"S0441",3,3.22,7.7,2,1,205,5,62
"S0441",4,2.99,7.8,2,1,205,7,58
"S0442",1,3.34,6.8,16,3,210,8,71
"S0442",2,3.24,6.2,30,4,160,8,67
"S0442",3,3.6,6.7,32,2,150,8,69
"S0442",4,3.44,6,21,2,125,11,65
"S0443",1,3.23,7.6,23,4,90,4,58
"S0443",2,3.21,7.6,16,3,125,7,71
"S0443",3,2.98,6.8,15,3,90,3,69
"S0443",4,3.38,7.8,16,0,120,5,65
"S0444",1,3.44,7.9,20,7,0,4,55
"S0444",2,3.14,7.6,23,5,0,5,68
"S0444",3,3.26,7.8,28,4,0,1,57
"S0444",4,3.47,8,29,5,0,3,62
"S0445",1,3.27,6.5,17,1,335,3,68
"S0445",2,2.98,7,20,4,205,1,71
"S0445",3,3.16,5.7,22,5,175,2,59
"S0445",4,3.88,6.6,23,5,210,5,67
"S0446",1,2.86,5.1,41,0,280,5,45
"S0446",2,2.63,5.4,40,2,305,5,51
"S0446",3,2.69,5.4,49,1,325,5,40
"S0446",4,2.89,5,44,2,495,6,38
"S0447",1,2.99,5.6,41,0,315,6,45
"S0447",2,2.94,5.9,43,2,275,2,51
"S0447",3,3.39,5.5,44,1,355,1,46
"S0447",4,3.03,5.9,50,1,345,6,47
"S0448",1,3.39,7.1,35,7,160,9,69
"S0448",2,3.26,8.4,37,4,110,7,55
"S0448",3,3.43,7,37,7,160,3,63
"S0448",4,3.19,7.2,45,7,165,8,68
"S0449",1,3.55,5,42,1,365,6,35
"S0449",2,3.19,4.6,36,1,380,3,48
"S0449",3,3.42,4.3,35,1,485,2,53
"S0449",4,3.16,4.4,40,0,465,5,37
"S0450",1,2.99,7.3,8,2,135,4,67
"S0450",2,3.54,7.9,15,1,145,9,73
"S0450",3,3.2,7.8,12,3,155,5,75
"S0450",4,3.39,7.6,14,4,205,3,86
"S0451",1,2.77,5.8,53,2,245,3,51
"S0451",2,2.49,6.2,48,1,225,15,42
"S0451",3,2.68,5.9,52,2,280,5,40
"S0451",4,2.55,6.5,52,2,235,4,32
"S0452",1,3.28,5.9,30,2,195,2,46
"S0452",2,3.28,7,25,2,120,8,54
"S0452",3,3.18,6.2,,2,90,4,52
"S0452",4,3.28,6,24,5,195,2,44
"S0453",1,3.28,7.2,43,4,70,7,69
"S0453",2,3.57,7.3,37,6,85,6,62
"S0453",3,3.63,7.8,48,2,145,2,72
"S0453",4,3.32,7.1,38,0,85,6,61
"S0454",1,3.09,5.9,32,1,280,10,58
"S0454",2,3.39,7.1,39,3,260,3,51
"S0454",3,3.28,6.4,48,2,410,3,53
"S0454",4,3.16,6.3,40,2,240,2,45
"S0455",1,3.26,7.9,13,3,300,5,52
"S0455",2,3.19,8,11,1,230,2,60
"S0455",3,3.3,8.8,16,4,175,2,65
"S0455",4,2.87,8.1,2,6,320,2,56
"S0456",1,2.81,5,37,0,620,2,49
"S0456",2,3.04,5.2,50,0,465,2,50
"S0456",3,2.42,3.8,48,0,745,1,47
"S0456",4,2.92,5,43,1,660,2,55
"S0457",1,3.1,6.6,19,3,105,2,63
"S0457",2,2.86,6.9,24,5,135,4,64
"S0457",3,3.07,6.7,20,7,105,3,56
"S0457",4,2.78,6.2,15,3,130,2,49
"S0458",1,3.38,4.8,48,1,365,8,48
"S0458",2,3.45,5.2,43,2,375,4,48
"S0458",3,3.25,3.9,48,3,435,5,59
"S0458",4,3.29,5.1,44,2,310,12,42
"S0459",1,3.16,7.5,6,3,90,2,70
"S0459",2,3.25,7.2,13,2,105,3,71
"S0459",3,3.69,7.2,12,1,100,4,63
"S0459",4,2.96,6.6,2,2,100,1,60
"S0460",1,3.1,8.7,22,6,0,1,65
"S0460",2,3.16,7.6,30,1,0,3,69
"S0460",3,3.34,7.4,22,4,0,0,59
"S0460",4,3.03,7.4,25,2,0,4,50
"S0461",1,3.71,6.5,43,1,95,10,78
"S0461",2,3.71,5.8,38,1,100,10,68
"S0461",3,3.71,6.7,36,1,75,7,78
"S0461",4,3.51,5.4,41,1,60,4,64
"S0462",1,3.17,6.1,2,1,95,4,67
"S0462",2,3.3,6.3,2,5,95,1,74
"S0462",3,3.38,6.6,7,1,115,4,59
"S0462",4,3.18,7.2,5,2,100,7,67
"S0463",1,3.69,6.3,25,4,75,9,61
"S0463",2,3.39,5.6,24,4,85,11,69
"S0463",3,3.49,6.6,23,3,150,6,69
"S0463",4,3.29,6.6,29,1,95,4,68
"S0464",1,3.14,7.7,22,0,105,5,68
"S0464",2,3.16,7.5,20,3,,3,82
"S0464",3,2.88,7.6,15,5,85,3,89
"S0464",4,3.25,7.3,24,5,155,2,66
"S0465",1,3.35,5.4,38,0,275,4,40
"S0465",2,3.22,5.3,37,2,295,5,51
"S0466",1,3.35,5.7,36,2,185,9,68
"S0466",2,3.25,6,39,1,180,9,76
"S0466",3,3.63,6.4,45,1,280,3,67
"S0466",4,3.67,7,50,3,250,5,71
"S0467",1,3.02,7.6,13,5,230,7,40
"S0467",2,2.7,7.6,8,1,295,6,52
"S0467",3,2.64,7.1,5,1,285,2,57
"S0467",4,2.96,7.2,19,3,280,7,44
"S0468",1,4,8.1,38,1,0,1,69
"S0468",2,4,8.2,30,2,0,3,62
"S0468",3,3.66,7.8,32,2,0,5,63
"S0468",4,4,7.4,38,3,0,3,64
"S0469",1,2.88,5.3,41,2,180,2,52
"S0469",2,3.12,6.2,44,1,170,7,57
"S0469",3,3.2,6.1,38,1,165,2,57
"S0469",4,3.28,6.2,50,3,155,2,60
"S0470",1,3.07,5.1,42,0,460,4,50
"S0470",2,3.11,5.8,43,2,355,5,54
"S0470",3,3.27,5.5,49,2,475,5,44
"S0470",4,3.25,6.6,41,0,345,4,47
"S0471",1,3.46,5.5,45,2,265,1,68
"S0471",2,3.71,6,45,0,315,3,71
"S0471",3,3.44,5.8,44,0,255,4,67
"S0471",4,3.44,5.3,44,0,240,1,60
"S0472",1,3.17,7.2,7,3,180,15,72
"S0472",2,3.15,7.8,4,5,100,8,77
"S0472",3,3.24,7.4,4,6,110,15,73
"S0472",4,3.19,7.3,11,4,130,13,79
"S0473",1,3.61,6.8,35,2,75,5,69
"S0473",2,3.55,5.7,29,2,70,7,76
"S0473",3,3.35,5.4,42,0,55,4,59
"S0473",4,3.43,6.6,26,0,55,5,64
"S0474",1,2.99,6.2,22,3,45,0,32
"S0474",2,2.56,6.3,17,0,35,0,56
"S0474",3,2.49,6.3,14,1,45,1,40
"S0474",4,2.92,7,15,1,40,3,35
"S0475",1,2.76,6,7,3,190,3,52
"S0475",2,2.65,6.6,4,0,130,1,48
"S0475",3,2.84,5.2,4,1,225,5,53
"S0475",4,2.69,6.5,4,1,125,5,56
"S0476",1,2.96,5.9,32,3,280,3,49
"S0476",2,3.14,6.1,43,1,180,4,57
"S0476",3,3.22,6.1,43,2,170,5,55
"S0476",4,3.22,5.4,,0,195,7,38
"S0477",1,2.85,6.4,16,1,70,3,56
"S0477",2,3.26,7.2,16,1,40,5,66
"S0477",3,3.21,7.3,18,0,50,3,64
"S0477",4,3.43,7.4,22,1,70,7,57
"S0478",1,2.88,6.1,50,2,260,4,75
"S0478",2,3.14,5.6,51,5,230,3,75
"S0478",3,2.72,5.5,40,3,320,9,89
"S0478",4,2.97,5.4,49,4,325,3,82
"S0479",1,3.39,5.6,38,2,175,6,58
"S0479",2,3.48,4.9,51,0,290,10,75
"S0479",3,3.27,5.6,41,1,200,6,61
"S0479",4,3.35,5.1,49,0,260,2,60
"S0480",1,3.14,6.6,24,6,0,6,66
"S0480",2,2.82,6.9,35,2,0,3,58
"S0480",3,2.88,6.5,27,5,,4,65
"S0480",4,3.09,6.5,27,,0,0,55
"S0481",1,3.09,5.9,43,4,125,5,64
"S0481",2,3.13,5.1,28,0,155,1,53
"S0481",3,2.94,5.6,31,1,215,2,60
"S0481",4,3.19,5.1,32,0,120,2,50
"S0482",1,3.01,4.7,26,1,465,8,52
"S0482",2,3.05,3.7,35,0,680,2,52
"S0482",3,2.84,4.9,33,1,330,4,51
"S0482",4,3.06,4,29,3,485,7,41
"S0483",1,2.84,5.8,34,3,585,4,78
"S0483",2,3.14,7.4,30,2,485,2,81
"S0483",3,3.12,7,33,4,385,3,66
"S0483",4,2.73,7,30,1,280,2,70
"S0484",1,4,8.2,15,3,75,10,65
"S0484",2,3.71,6.9,17,2,110,4,57
"S0484",3,4,7.3,15,1,95,8,57
"S0484",4,3.84,7.8,10,1,80,11,50
"S0485",1,2.66,6.8,2,0,130,2,72
"S0485",2,2.6,6.3,7,0,110,3,69
"S0485",3,2.74,6.5,5,1,190,2,67
"S0485",4,2.64,5.6,7,4,160,3,56
"S0486",1,3.3,6.3,7,3,135,6,47
"S0486",2,3.27,6.3,11,2,130,5,40
"S0486",3,2.84,6.2,6,2,105,2,47
"S0486",4,3.38,7.1,12,3,120,4,51
"S0487",1,3.18,8.2,23,3,185,6,84
"S0487",2,3.08,6.9,20,6,185,6,86
"S0487",3,2.83,7.2,20,2,180,5,92
"S0487",4,3.24,7.5,23,1,185,5,90
"S0488",1,2.88,7.9,19,4,120,0,53
"S0488",2,3.13,6.3,22,4,120,3,55
"S0488",3,3.33,6.7,25,1,110,3,48
"S0488",4,2.91,6.8,23,6,135,4,47
"S0489",1,3,4.5,35,0,415,4,50
"S0489",2,2.82,5.8,39,0,375,3,60
"S0489",3,3.16,5.1,38,0,395,0,49
"S0489",4,3.06,5.4,35,1,290,4,52
"S0490",1,3.34,6.3,24,1,350,3,74
"S0490",2,3.47,6.9,27,2,230,5,73
"S0490",3,3.59,6.9,20,5,240,5,70
"S0490",4,3.26,6.5,23,2,285,2,67
"S0491",1,3.11,7.6,23,2,120,6,73
"S0491",2,3.05,7.4,23,2,105,0,70
"S0491",3,3.26,6.7,27,4,150,3,77
"S0491",4,3.1,6.8,20,6,175,1,72
"S0492",1,2.62,6.6,9,3,,5,51
"S0492",2,2.46,6.5,2,1,280,3,56
"S0492",3,2.41,6.8,2,4,280,7,46
"S0492",4,3.06,5.9,6,4,180,4,44
"S0493",1,2.9,5.9,49,1,280,1,67
"S0493",2,2.97,5.3,42,0,255,2,51
"S0493",3,3.02,5.4,40,1,295,2,52
"S0493",4,3.1,5.6,39,0,145,3,67
"S0494",1,3.14,5,36,2,490,4,55
"S0494",2,3.5,4.8,40,3,470,3,57
"S0494",3,3.32,4.9,40,2,510,5,51
"S0494",4,3.43,5,41,,420,7,46
"S0495",1,2.67,5.1,37,0,385,4,50
"S0495",2,2.91,6.1,31,0,350,9,40
"S0495",3,3.25,6,37,1,480,2,51
"S0495",4,2.69,6.4,35,1,455,7,38
"S0496",1,3.3,6.4,40,1,105,4,72
"S0496",2,3.16,6.2,41,1,115,5,67
"S0496",3,2.7,6.1,34,1,130,6,57
"S0496",4,3.38,6.3,41,0,100,3,59
"S0497",1,3.38,7.7,23,2,70,8,72
"S0497",2,3.46,7.6,27,7,115,7,76
"S0498",1,2.96,6.1,21,7,160,2,64
"S0498",2,3.16,6.5,24,1,235,6,78
"S0498",3,3.14,6.5,14,3,130,6,70
"S0498",4,2.89,6.1,17,2,175,2,61
"S0499",1,3.2,8.4,34,3,140,4,57
"S0499",2,3.15,8.1,20,1,115,7,59
"S0499",3,3.18,7.6,29,6,145,5,55
"S0499",4,3.29,7.8,27,0,175,4,56
"S0500",1,3.11,7.3,21,3,75,3,57
"S0500",2,2.78,6.7,19,4,85,4,66
"S0500",3,3.06,6.5,18,1,95,7,62
"S0500",4,2.78,6.9,19,5,75,0,65
"S0501",1,3.06,10,2,6,20,6,79
"S0501",2,3.22,9.2,2,7,15,4,68
"S0501",3,2.64,9.3,2,7,20,0,64
"S0501",4,3.09,9.6,2,5,25,5,74
"S0502",1,2.75,7.8,4,3,145,8,72
"S0502",2,2.94,7.4,7,0,115,5,68
"S0502",3,2.82,6.9,8,2,165,6,63
"S0502",4,2.9,7.2,10,3,120,3,65
"S0503",1,3.26,5.2,28,1,205,2,73
"S0503",2,2.77,4.8,18,0,175,4,82
"S0503",3,3.42,5.2,30,2,255,5,73
"S0503",4,3.1,4.9,31,4,230,3,82
"S0504",1,3.41,6.2,16,1,0,5,59
"S0504",2,3.39,5.8,19,4,0,2,54
"S0504",3,3.54,6.5,20,1,0,8,54
"S0504",4,3.7,6.4,24,2,0,4,62
"S0505",1,2.58,4.9,36,2,720,5,57
"S0505",2,2.73,5.5,31,0,500,8,59
"S0505",3,2.61,6,36,0,430,5,56
"S0505",4,2.92,6.3,27,0,585,0,58
"S0506",1,3.2,5.5,40,2,125,0,45
"S0506",2,3.11,5.6,48,2,170,2,50
"S0507",1,3.36,8.6,26,5,0,2,76
"S0507",2,3.4,8.3,27,5,0,2,70
"S0507",3,3.3,8.2,23,,0,4,74
"S0507",4,3.66,8.1,17,2,0,0,63
"S0508",1,2.87,6.8,23,6,115,0,71
"S0508",2,3.02,6.8,33,7,95,4,70
"S0509",1,2.95,6.2,33,2,80,6,73
"S0509",2,2.75,6.2,39,2,85,6,85
"S0509",3,3.11,5.8,35,2,125,5,76
"S0509",4,2.77,6.1,39,5,95,7,70
"S0510",1,2.93,7,24,3,0,1,66
"S0510",2,3.46,7.5,25,3,0,3,74
"S0511",1,3.09,8.6,31,4,0,2,77
"S0511",2,3.47,8.4,35,4,0,3,86
"S0511",3,3.04,8.2,29,6,0,2,83
"S0511",4,3.1,7.9,33,6,0,5,71
"S0512",1,3.07,6.8,14,0,140,0,57
"S0512",2,2.63,6.4,24,2,140,0,63
"S0512",3,2.79,6.5,18,2,125,2,53
"S0512",4,2.96,6.2,11,1,210,1,54
"S0513",1,4,5.9,29,5,275,5,67
"S0513",2,3.77,6.1,30,5,190,6,66
"S0513",3,3.55,5.4,25,6,245,5,68
"S0513",4,3.86,6.1,29,3,175,3,73
"S0514",1,2.75,7.1,38,1,120,1,45
"S0514",2,2.83,7.2,25,1,120,2,46
"S0514",3,2.78,6.5,33,1,160,4,51
"S0514",4,2.77,6.9,28,2,115,1,52
"S0515",1,3.25,6,22,3,180,8,70
"S0515",2,3.16,5.9,19,3,150,3,86
"S0515",3,3.49,6.9,26,2,105,1,82
"S0515",4,3.13,5.9,25,7,130,2,81
"S0516",1,3.21,7.1,31,3,85,1,69
"S0516",2,2.95,6.9,33,2,85,2,77
"S0516",3,2.63,6,37,1,140,4,71
"S0516",4,2.95,6.4,36,1,120,4,61
"S0517",1,3,6.4,13,3,95,2,57
"S0517",2,2.77,6.2,12,4,55,0,67
"S0517",3,3.07,5.6,11,2,70,1,62
"S0517",4,3.17,6.6,14,1,80,5,61
"S0518",1,2.74,7.4,17,4,140,1,59
"S0518",2,2.86,7,10,1,125,1,54
"S0518",3,2.73,7.3,14,3,90,0,63
"S0518",4,2.74,5.9,16,4,85,3,47
"S0519",1,3.59,7.1,29,1,160,12,79
"S0519",2,3.64,7.2,29,7,185,15,74
"S0519",3,3.36,7.5,28,3,140,10,80
"S0519",4,3.58,7.3,34,1,125,13,88
"S0520",1,2.97,6.9,32,0,0,2,52
"S0520",2,3.28,6.5,27,1,0,1,71
"S0520",3,2.94,6.6,28,3,0,2,70
"S0520",4,3.05,7.4,21,1,0,3,81
"S0521",1,3.17,7.9,24,1,0,5,47
"S0521",2,2.78,7,20,3,0,2,49
"S0521",3,3.06,7,28,3,0,4,37
"S0521",4,2.91,7.3,25,0,0,1,46
"S0522",1,3,6.4,30,0,0,10,59
"S0522",2,3.31,6.6,33,1,0,7,55
"S0522",3,3.23,6.3,22,0,0,9,57
"S0522",4,3.19,6.6,26,0,0,7,47
"S0523",1,2.98,6.2,17,2,205,4,44
"S0523",2,2.89,6.3,19,3,315,8,52
"S0523",3,3.01,6.2,19,3,280,2,52
"S0523",4,2.94,5.5,13,3,235,6,42
"S0524",1,3.07,6.1,25,5,160,1,62
"S0524",2,2.68,6.6,23,2,,3,53
"S0524",3,3.02,6.6,36,1,205,3,48
"S0524",4,3.05,6.4,34,4,130,5,55
"S0525",1,3.3,5,12,1,405,8,50
"S0525",2,3.61,6,26,1,405,4,57
"S0525",3,3.67,,23,1,390,4,66
"S0525",4,3.37,4.5,18,0,565,2,49
"S0526",1,2.97,7.4,23,2,235,8,82
"S0526",2,2.83,6.5,28,1,240,11,82
"S0526",3,2.92,7,25,4,160,9,77
"S0526",4,3.18,7.2,24,5,215,3,76
"S0527",1,2.89,5.1,48,1,210,5,44
"S0527",2,3.14,4.8,51,1,435,3,62
"S0527",3,2.91,4.9,49,2,455,6,51
"S0527",4,2.62,5.3,45,2,405,4,47
"S0528",1,3.29,5.6,44,1,490,4,40
"S0528",2,3.1,5.5,39,1,495,4,26
"S0528",3,2.99,5.4,45,1,575,2,37
"S0528",4,2.91,5.6,38,0,510,3,33
"S0529",1,3.25,4.6,27,1,365,12,62
"S0529",2,3.26,4.5,24,2,390,10,67
"S0529",3,3.22,4.9,34,1,345,7,82
"S0529",4,3.33,5.2,32,1,370,5,73
"S0530",1,2.93,4.3,65,0,720,3,44
"S0530",2,2.78,3.5,67,2,900,4,45
"S0530",3,2.94,4.3,67,0,625,4,43
"S0530",4,2.89,3.8,63,0,695,11,48
"S0531",1,3.5,,22,2,155,3,78
"S0531",2,3.14,6.9,23,3,145,2,79
"S0531",3,3.14,6.4,30,0,155,1,79
"S0531",4,3.4,6.8,31,3,135,3,72
"S0532",1,3.22,6.6,30,4,165,3,72
"S0532",2,3.09,6,33,4,200,2,66
"S0533",1,2.75,7.3,29,3,170,5,64
"S0533",2,2.58,6.5,20,5,215,0,64
"S0533",3,2.72,6.9,21,6,210,3,60
"S0533",4,2.54,7.3,31,1,150,4,62
"S0534",1,3.27,7.1,23,6,65,7,73
"S0534",2,3.06,7.2,16,3,65,3,64
"S0534",3,3.31,7.8,21,5,65,6,64
"S0534",4,3.12,6.5,21,4,65,9,61
"S0535",1,3.44,5.8,21,3,370,2,61
"S0535",2,3.17,5.6,24,4,325,1,65
"S0536",1,3.05,6.8,2,1,235,2,79
"S0536",2,2.85,6.7,3,0,120,3,77
"S0536",3,3.53,7.5,2,,130,6,87
"S0536",4,3.21,7.4,4,7,140,5,79
"S0537",1,3.26,7.3,15,6,135,8,78
"S0537",2,3.24,7.2,8,7,150,7,69
"S0537",3,3.15,7.5,10,2,130,6,68
"S0537",4,3.1,7.2,12,6,140,4,72
"S0538",1,2.94,6.3,51,0,240,7,75
"S0538",2,2.65,5.7,48,1,275,4,64
"S0538",3,2.37,5.8,49,0,220,2,82
"S0538",4,2.96,6.3,47,0,210,4,61
"S0539",1,2.99,5.4,52,2,215,4,50
"S0539",2,3.08,4.8,52,1,260,1,50
"S0540",1,2.78,7.6,28,2,125,5,61
"S0540",2,3.26,8.2,33,1,120,2,74
"S0541",1,3.08,5.6,46,2,275,6,57
"S0541",2,3.35,5,45,0,195,7,55
"S0541",3,3.04,5.5,50,0,235,6,65
"S0541",4,2.91,5.3,,2,335,3,56
"S0542",1,3.26,7.1,12,2,65,7,69
"S0542",2,3.02,6.5,12,6,80,2,67
"S0542",3,3.36,6.8,15,3,50,8,67
"S0542",4,3.11,6.9,12,2,65,6,64
"S0543",1,3.39,7.3,11,0,160,6,70
"S0543",2,3.44,6.8,15,3,180,4,79
"S0543",3,3.52,7.3,15,2,150,7,76
"S0543",4,3.66,7.4,12,3,170,8,66
"S0544",1,3.1,5.8,36,1,225,1,45
"S0544",2,3.23,5.5,39,2,285,3,55
"S0544",3,3.3,5.7,36,0,285,1,48
"S0544",4,3.06,6.1,43,7,175,2,53
"S0545",1,2.89,5,45,3,325,9,51
"S0545",2,2.76,5.3,42,4,460,3,65
"S0545",3,2.82,5.4,50,0,275,2,66
"S0545",4,2.89,5.7,45,2,405,3,72
"S0546",1,3.1,5.7,51,0,150,5,60
"S0546",2,3.04,5.4,49,0,135,5,63
"S0546",3,3.09,4.4,53,1,160,2,57
"S0546",4,3.21,5.8,45,0,80,4,66
"S0547",1,2.98,5.5,35,3,320,11,66
"S0547",2,3.05,5.2,39,2,320,8,68
"S0547",3,3.04,5.8,39,2,180,2,66
"S0547",4,3.08,5.9,38,2,440,10,64
"S0548",1,3,5.2,43,1,220,2,57
"S0548",2,3.06,5.4,46,1,230,4,62
"S0548",3,3.35,5.9,41,0,245,6,63
"S0548",4,3.54,5.6,50,3,210,2,57
"S0549",1,3.09,7.4,16,2,285,3,58
"S0549",2,3.13,7.3,18,0,270,1,58
"S0549",3,2.92,7.2,18,3,245,2,70
"S0549",4,2.57,6.1,15,2,255,3,55
"S0550",1,2.5,5.9,45,3,125,6,58
"S0550",2,2.7,7.5,32,6,140,4,61
"S0550",3,2.68,,40,2,110,1,59
"S0550",4,3.02,7,44,7,140,5,51
"S0551",1,2.72,6.6,30,1,190,0,47
"S0551",2,2.9,6.6,30,0,210,2,60
"S0551",3,3.11,7,32,0,180,4,64
"S0551",4,3.07,6.7,31,4,285,1,54
"S0552",1,3.28,6.4,41,3,215,4,50
"S0552",2,3.11,5.9,38,2,255,5,42
"S0553",1,3.45,7.5,41,1,230,3,55
"S0553",2,3.42,6.2,41,1,245,6,58
"S0553",3,3.17,6.1,43,1,195,3,48
"S0553",4,3.25,5.9,35,,290,2,50
"S0554",1,3.34,3.5,26,1,900,7,56
"S0554",2,3.07,5.3,32,0,575,4,82
"S0554",3,3.21,4.5,34,0,565,12,66
"S0554",4,3.05,4.3,29,2,775,5,64
"S0555",1,2.58,7,31,1,160,2,44
"S0555",2,2.76,5.4,29,3,275,0,48
"S0555",3,2.82,6,30,4,250,1,47
"S0555",4,2.82,6.3,34,1,200,3,41
"S0556",1,3.3,7.4,16,5,205,6,66
"S0556",2,3.61,7.2,32,2,200,3,74
"S0556",3,3.68,8,29,1,255,3,75
"S0556",4,3.47,,33,5,240,2,65
"S0557",1,2.65,6.6,15,4,165,0,51
"S0557",2,2.64,6.5,26,3,220,4,54
"S0557",3,2.28,6.7,14,4,240,1,43
"S0557",4,2.67,6.3,17,3,235,3,51
"S0558",1,3.1,4.2,33,0,395,2,49
"S0558",2,2.89,3.5,37,1,760,2,48
"S0558",3,3.14,4,35,1,585,2,47
"S0558",4,3.2,3.5,38,2,825,1,51
"S0559",1,3.06,4.5,30,0,355,3,58
"S0559",2,3.38,4.6,34,2,345,3,59
"S0559",3,3.17,5.1,31,0,185,3,45
"S0559",4,2.84,5.3,28,0,300,5,63
"S0560",1,3.18,8.4,16,3,165,1,50
"S0560",2,3.38,7.9,20,1,180,2,48
"S0560",3,3.06,8.2,10,,120,5,49
"S0560",4,2.98,8.1,7,2,145,5,51
"S0561",1,3.27,8.4,27,4,0,2,77
"S0561",2,3.15,8.2,18,1,0,3,74
"S0561",3,3.01,7.7,15,6,0,3,65
"S0561",4,3.12,8.1,17,4,0,4,70
"S0562",1,3.14,6.8,20,1,170,2,48
"S0562",2,3.46,7.2,22,1,145,0,57
"S0562",3,2.72,7.1,16,2,185,5,59
"S0562",4,3.18,7.2,18,1,145,5,43
"S0563",1,3.61,8.1,14,1,75,7,60
"S0563",2,3.26,7.9,15,4,70,1,56
"S0563",3,3.11,8.8,7,2,90,2,59
"S0563",4,3.15,8.1,15,,70,10,44
"S0564",1,3.24,6.4,34,3,100,0,48
"S0564",2,2.95,6.8,36,0,195,0,51
"S0564",3,3.51,7.5,34,2,175,2,37
"S0564",4,3.1,6.6,32,1,140,3,42
"S0565",1,3.03,5.2,40,1,175,3,48
"S0565",2,3.21,6.2,34,2,265,3,57
"S0565",3,2.72,6.8,37,1,155,7,52
"S0565",4,2.78,4.8,36,0,345,3,47
"S0566",1,2.47,6.2,22,5,105,8,65
"S0566",2,2.92,6.7,28,4,105,7,60
"S0566",3,2.65,6.7,20,7,80,3,61
"S0566",4,2.75,6.9,26,6,115,6,59
"S0567",1,2.87,6.8,13,2,60,3,48
"S0567",2,2.49,6.5,16,1,70,0,61
"S0567",3,3.29,6.9,12,0,,3,62
"S0567",4,2.94,6.2,11,1,60,5,60
"S0568",1,3.61,6.5,32,1,195,10,62
"S0568",2,3.24,5.8,29,1,210,5,60
"S0568",3,3.52,6.5,39,0,215,5,52
"S0568",4,3.08,7.3,26,2,180,6,47
"S0569",1,2.76,5.5,53,0,500,5,39
"S0569",2,2.87,6.3,58,0,445,2,41
"S0569",3,2.95,5.5,58,1,620,5,38
"S0569",4,3.08,5.6,56,0,545,2,37
"S0570",1,2.17,7,14,1,185,4,69
"S0570",2,2.35,6.9,12,2,190,6,59
"S0570",3,2.24,6.2,15,2,200,3,52
"S0570",4,2.73,7,15,1,205,6,56
"S0571",1,3.46,7.3,25,3,80,9,71
"S0571",2,3.31,7.1,16,1,90,8,82
"S0571",3,3.19,7.3,26,7,85,5,78
"S0571",4,3.15,7.1,19,2,130,6,75
"S0572",1,3.37,7.4,36,1,0,7,81
"S0572",2,3.78,7.4,32,2,0,2,63
"S0572",3,3.32,6.9,31,2,0,6,55
"S0572",4,3.33,7.3,36,3,0,6,65
"S0573",1,3.2,6.9,33,3,150,4,61
"S0573",2,3.65,,23,1,105,5,64
"S0573",3,3.5,6.9,30,0,155,3,67
"S0573",4,3.3,6.5,29,2,180,5,55
"S0574",1,2.99,7.7,12,2,75,3,63
"S0574",2,3.07,7.7,10,3,95,10,56
"S0574",3,2.79,7.9,12,6,105,5,56
"S0574",4,2.77,7.5,7,0,75,5,62
"S0575",1,3.44,5.7,46,4,420,2,47
"S0575",2,3.31,5.2,43,3,520,2,49
"S0575",3,3.31,5.5,41,2,480,4,51
"S0575",4,3.55,5.6,33,4,435,4,47
"S0576",1,2.74,6.4,51,1,325,3,60
"S0576",2,2.88,6.2,50,6,210,7,64
"S0576",3,2.85,5.5,48,5,360,5,50
"S0576",4,2.65,5.6,48,6,305,8,60
"S0577",1,3.02,6.2,17,2,160,3,70
"S0577",2,3.52,6.2,28,3,235,5,60
"S0577",3,3.19,6.3,25,1,210,2,65
"S0577",4,3.22,6.2,15,0,245,1,58
"S0578",1,2.64,6.2,26,2,180,7,62
"S0578",2,3.19,6.4,23,0,180,5,61
"S0578",3,2.76,5.8,35,4,200,6,63
"S0578",4,3.04,6.1,39,6,185,3,59
"S0579",1,3.46,5.9,56,3,495,4,48
"S0579",2,3.53,5.3,43,2,515,5,42
"S0579",3,3.49,5.5,43,1,565,12,43
"S0579",4,3.87,5.6,47,2,415,5,42
"S0580",1,2.61,7.3,18,1,185,1,43
"S0580",2,2.85,7.7,19,0,180,2,45
"S0580",3,2.94,6.9,22,3,180,1,43
"S0580",4,3.05,7.2,19,2,135,2,53
"S0581",1,3.42,6.5,34,2,215,3,55
"S0581",2,3.28,7.2,32,4,170,7,65
"S0581",3,3.01,6.1,33,3,125,2,57
"S0581",4,3.27,6.9,32,2,230,3,63
"S0582",1,2.96,7,14,0,160,3,72
"S0582",2,3.5,6.9,22,4,120,4,79
"S0582",3,3.17,6.9,25,3,110,3,73
"S0582",4,3.42,6.8,16,3,105,3,80
"S0583",1,2.85,7.3,24,0,160,0,60
"S0583",2,2.68,6.8,22,1,170,1,54
"S0583",3,2.61,7.7,23,1,165,3,59
"S0583",4,2.76,7.3,20,2,195,5,49
"S0584",1,2.92,5.7,53,2,120,3,60
"S0584",2,3.33,6.2,61,0,165,6,67
"S0584",3,3.03,6,52,1,190,7,72
"S0584",4,3.44,5.9,51,2,105,4,56
"S0585",1,3.2,7.6,18,3,100,6,72
"S0585",2,3.59,7.2,22,5,95,6,81
"S0585",3,3.44,8.2,25,1,95,3,87
"S0585",4,3.16,7.8,21,6,140,4,76
"S0586",1,2.89,6.8,5,0,100,8,52
"S0586",2,2.5,6.3,3,1,100,6,51
"S0586",3,2.55,7,2,2,70,7,54
"S0586",4,2.67,6.7,3,3,100,3,61
"S0587",1,3.26,6.7,51,1,145,6,56
"S0587",2,3.19,6.7,49,1,225,6,62
"S0587",3,2.98,6.4,51,1,175,6,60
"S0587",4,3.04,6.2,54,4,275,5,51
"S0588",1,3.11,6.7,25,2,150,4,47
"S0588",2,3.31,7.2,14,2,170,4,60
"S0588",3,3.04,6.5,18,4,130,10,59
"S0588",4,3.4,7.4,15,0,120,7,67
"S0589",1,3.22,6.9,29,5,190,4,64
"S0589",2,3.14,6.9,18,7,225,4,71
"S0589",3,3.13,7.3,24,7,135,3,60
"S0589",4,3.28,6.9,20,5,240,6,65
"S0590",1,3.06,4.6,33,2,505,12,42
"S0590",2,2.82,3.9,28,1,415,8,60
"S0590",3,3.2,5,33,0,365,10,41
"S0590",4,2.7,4.4,39,0,495,2,49
"S0591",1,3.26,5.6,36,1,65,2,60
"S0591",2,3.3,5.3,40,0,90,2,68
"S0591",3,3.23,5.2,39,4,60,6,67
"S0591",4,3.05,4.5,34,0,60,4,62
"S0592",1,3.34,7.4,13,4,105,5,52
"S0592",2,3.09,7.1,25,2,210,7,57
"S0592",3,3.45,7.7,18,3,125,7,46
"S0592",4,3.32,8.1,19,6,135,3,50
"S0593",1,3.44,8.1,24,6,85,1,62
"S0593",2,3.49,7.6,20,4,65,3,64
"S0593",3,3.43,7.9,21,7,145,4,64
"S0593",4,3.49,7.5,26,3,75,5,61
"S0594",1,3.56,6.7,21,3,175,9,74
"S0594",2,3.47,6.5,22,4,120,7,84
"S0594",3,3.21,6.1,16,4,190,11,85
"S0594",4,3.62,6.7,28,2,190,7,83
"S0595",1,2.86,6.9,11,3,110,5,62
"S0595",2,2.87,6.3,5,1,130,7,68
"S0595",3,2.68,6.1,12,2,105,9,64
"S0595",4,3.05,7.3,13,4,125,0,80
"S0596",1,3.2,7.2,32,4,120,4,77
"S0596",2,3.08,7,31,1,110,4,55
"S0596",3,3.19,6.9,33,1,95,0,53
"S0596",4,3.21,7.2,24,2,95,2,59
"S0597",1,2.99,5.6,45,3,210,4,57
"S0597",2,3.25,5.3,50,2,195,5,58
"S0598",1,3.41,7.1,17,4,60,8,57
"S0598",2,3.33,7.2,20,1,75,12,74
"S0598",3,2.97,7,21,1,85,9,62
"S0598",4,3.39,6.8,29,3,80,6,64
"S0599",1,2.62,3.6,50,0,610,2,47
"S0599",2,2.53,4.4,38,2,470,3,53
"S0599",3,2.87,5.4,44,2,365,3,54
"S0599",4,2.86,5,39,5,375,1,48
"S0600",1,3.16,5.7,45,0,295,2,56
"S0600",2,3,4.9,42,1,315,5,52
"S0600",3,3.1,5.6,40,1,175,4,64
"S0600",4,3.23,5.9,44,0,295,1,67
