"student_id","supervisor_id","age","gender","faculty","programme","study_mode","employment","has_children","lives_away","financial_worry","workshop","workshop_sessions","considering_dropout"
"S0001","SUP088",31,"Female","Health Sciences","Master's","Full-time","None","No","Yes",2,"Not invited",0,"No"
"S0002","SUP116",28,"Female","Education","PhD","Full-time","Part-time job","No","Yes",2,"Invited",0,"No"
"S0003","SUP040",33,"Male","Education","PhD","Full-time","None","No","No",4,"Invited",5,"No"
"S0004","SUP112",34,"Female","Health Sciences","Master's","Part-time","Full-time job","No","No",2,"Invited",6,"No"
"S0005","SUP118",35,"Female","Social Sciences","Master's","Part-time","None","No","No",2,"Invited",2,"No"
"S0006","SUP028",36,"Male","Humanities","PhD","Full-time","Part-time job","No","Yes",5,"Not invited",0,"No"
"S0007","SUP068",,"Female","Health Sciences","Master's","Full-time","None","No","Yes",3,"Invited",4,"No"
"S0008","SUP045",25,"Female","Natural Sciences","Master's","Part-time","Part-time job","No","No",,"Not invited",0,"No"
"S0009","SUP086",29,"Male","Natural Sciences","Master's","Part-time","Full-time job","Yes","No",2,"Not invited",0,"No"
"S0010","SUP103",26,"Male","Humanities","Master's","Full-time","Part-time job","No","Yes",2,"Invited",0,"No"
"S0011","SUP043",25,"Female","Natural Sciences","Master's","Full-time","Part-time job","No","No",,"Invited",0,"Yes"
"S0012","SUP102",30,"Male","Natural Sciences","Master's","Full-time","Part-time job","Yes","No",,"Invited",6,"No"
"S0013","SUP055",25,"Female","Education","Master's","Full-time","None","No","No",2,"Not invited",0,"No"
"S0014","SUP096",35,"Male","Social Sciences","PhD","Part-time","Part-time job","Yes","No",3,"Invited",5,"No"
"S0015","SUP087",30,"Male","Health Sciences","Master's","Full-time","Part-time job","No","No",3,"Not invited",0,"Yes"
"S0016","SUP029",28,"Male","Social Sciences","Master's","Full-time","None","No","No",3,"Not invited",0,"No"
"S0017","SUP073",29,"Female","Social Sciences","Master's","Full-time","None","No","No",3,"Not invited",0,"Yes"
"S0018","SUP042",29,"Male","Humanities","PhD","Part-time","Full-time job","No","No",2,"Invited",0,"Yes"
"S0019","SUP060",31,"Female","Natural Sciences","Master's","Full-time","None","No","Yes",3,"Invited",5,"No"
"S0020","SUP014",35,"Male","Education","PhD","Full-time","None","Yes","Yes",5,"Not invited",0,"No"
"S0021","SUP112",25,"Female","Health Sciences","Master's","Full-time","None","No","No",2,"Invited",5,"No"
"S0022","SUP009",27,"Male","Education","Master's","Full-time","None","No","Yes",5,"Not invited",0,"No"
"S0023","SUP014",25,"Male","Education","Master's","Full-time","None","No","Yes",1,"Invited",6,"No"
"S0024","SUP056",26,"Female","Social Sciences","Master's","Full-time","None","No","No",2,"Invited",5,"No"
"S0025","SUP025",27,"Female","Humanities","Master's","Full-time","None","No","No",2,"Not invited",0,"No"
"S0026","SUP076",39,"Male","Humanities","PhD","Full-time","None","No","No",2,"Invited",5,"No"
"S0027","SUP100",31,"Female","Health Sciences","PhD","Full-time","Full-time job","No","Yes",4,"Not invited",0,"No"
"S0028","SUP098",29,"Male","Health Sciences","Master's","Full-time","None","No","No",1,"Not invited",0,"No"
"S0029","SUP049",27,"Male","Humanities","Master's","Full-time","None","No","Yes",3,"Not invited",0,"No"
"S0030","SUP017",52,"Female","Health Sciences","PhD","Part-time","Full-time job","Yes","No",2,"Invited",2,"No"
"S0031","SUP051",36,"Female","Humanities","Master's","Part-time","Full-time job","No","Yes",2,"Invited",5,"Yes"
"S0032","SUP002",29,"Female","Education","Master's","Full-time","None","No","Yes",4,"Not invited",0,"No"
"S0033","SUP021",29,"Male","Health Sciences","Master's","Full-time","None","Yes","No",1,"Invited",1,"No"
"S0034","SUP002",34,"Male","Education","PhD","Part-time","Full-time job","No","No",1,"Invited",5,"No"
"S0035","SUP012",24,"Female","Education","Master's","Part-time","Part-time job","No","No",2,"Invited",0,"No"
"S0036","SUP042",26,"Male","Humanities","Master's","Full-time","Part-time job","No","No",2,"Not invited",0,"No"
"S0037","SUP006",34,"Male","Natural Sciences","PhD","Full-time","None","Yes","No",3,"Not invited",0,"No"
"S0038","SUP077",38,"Female","Health Sciences","PhD","Full-time","Part-time job","No","Yes",5,"Not invited",0,"Yes"
"S0039","SUP043",27,"Female","Natural Sciences","Master's","Full-time","Part-time job","Yes","Yes",3,"Invited",3,"No"
"S0040","SUP067",37,"Female","Humanities","PhD","Part-time","Full-time job","No","No",1,"Not invited",0,"No"
"S0041","SUP053",28,"Male","Natural Sciences","Master's","Full-time","None","No","No",1,"Invited",5,"No"
"S0042","SUP020",29,"Female","Education","PhD","Full-time","None","No","No",1,"Not invited",0,"No"
"S0043","SUP096",29,"Female","Social Sciences","Master's","Part-time","Part-time job","No","Yes",2,"Invited",5,"No"
"S0044","SUP044",35,"Female","Natural Sciences","PhD","Full-time","None","Yes","Yes",3,"Invited",3,"No"
"S0045","SUP062",25,"Male","Education","Master's","Full-time","Part-time job","Yes","No",5,"Invited",5,"No"
"S0046","SUP095",28,"Female","Social Sciences","Master's","Full-time","None","No","No",3,"Invited",2,"No"
"S0047","SUP064",26,"Female","Education","Master's","Full-time","None","Yes","No",3,"Invited",2,"No"
"S0048","SUP074",33,"Female","Health Sciences","PhD","Part-time","Full-time job","No","No",3,"Not invited",0,"No"
"S0049","SUP076",31,"Female","Humanities","PhD","Part-time","Part-time job","No","Yes",3,"Not invited",0,"No"
"S0050","SUP003",25,"Female","Health Sciences","Master's","Full-time","None","No","No",1,"Not invited",0,"No"
"S0051","SUP046",29,"Male","Education","Master's","Part-time","Full-time job","No","Yes",3,"Not invited",0,"Yes"
"S0052","SUP112",24,"Male","Health Sciences","Master's","Part-time","Part-time job","No","No",2,"Not invited",0,"No"
"S0053","SUP091",34,"Female","Education","Master's","Part-time","Full-time job","No","No",2,"Not invited",0,"No"
"S0054","SUP088",28,"Male","Health Sciences","PhD","Full-time","Full-time job","No","No",3,"Not invited",0,"No"
"S0055","SUP034",31,"Female","Health Sciences","Master's","Part-time","Full-time job","Yes","Yes",4,"Invited",6,"No"
"S0056","SUP041",31,"Male","Natural Sciences","Master's","Full-time","Part-time job","No","Yes",5,"Invited",0,"Yes"
"S0057","SUP056",27,"Female","Social Sciences","Master's","Full-time","Part-time job","No","Yes",3,"Not invited",0,"No"
"S0058","SUP025",27,"Male","Humanities","Master's","Full-time","None","No","Yes",4,"Invited",0,"No"
"S0059","SUP085",29,"Female","Humanities","Master's","Part-time","None","No","Yes",2,"Not invited",0,"No"
"S0060","SUP049",29,"Male","Humanities","Master's","Full-time","Part-time job","Yes","No",1,"Invited",5,"Yes"
"S0061","SUP118",34,"Female","Social Sciences","Master's","Full-time","Part-time job","No","No",3,"Invited",6,"No"
"S0062","SUP087",27,"Male","Health Sciences","Master's","Full-time","None","No","No",2,"Invited",6,"Yes"
"S0063","SUP043",32,"Male","Natural Sciences","Master's","Part-time","Full-time job","No","No",2,"Not invited",0,"No"
"S0064","SUP031",27,"Male","Health Sciences","Master's","Part-time","Full-time job","Yes","Yes",4,"Not invited",0,"Yes"
"S0065","SUP051",26,"Male","Humanities","Master's","Full-time","Part-time job","No","Yes",5,"Not invited",0,"No"
"S0066","SUP100",27,"Male","Health Sciences","Master's","Full-time","None","No","Yes",2,"Invited",1,"No"
"S0067","SUP008",49,"Male","Social Sciences","PhD","Part-time","Full-time job","Yes","No",4,"Invited",5,"No"
"S0068","SUP049",32,"Female","Humanities","PhD","Full-time","Part-time job","No","No",1,"Invited",6,"No"
"S0069","SUP035",30,"Female","Education","PhD","Full-time","None","No","Yes",5,"Not invited",0,"No"
"S0070","SUP087",24,"Male","Health Sciences","Master's","Full-time","Part-time job","Yes","No",2,"Invited",0,"No"
"S0071","SUP066",29,"Male","Humanities","PhD","Full-time","None","Yes","No",4,"Invited",4,"No"
"S0072","SUP020",27,"Male","Education","Master's","Full-time","Part-time job","No","No",5,"Not invited",0,"Yes"
"S0073","SUP077",26,"Female","Health Sciences","Master's","Full-time","Part-time job","No","Yes",2,"Invited",6,"No"
"S0074","SUP031",36,"Female","Health Sciences","PhD","Full-time","None","Yes","No",3,"Invited",0,"No"
"S0075","SUP010",25,"Female","Natural Sciences","Master's","Full-time","None","No","No",2,"Not invited",0,"No"
"S0076","SUP102",34,"Male","Natural Sciences","PhD","Full-time","None","Yes","No",3,"Not invited",0,"No"
"S0077","SUP005",30,"Male","Education","Master's","Part-time","Full-time job","No","Yes",3,"Invited",5,"No"
"S0078","SUP102",31,"Male","Natural Sciences","PhD","Full-time","None","No","No",3,"Not invited",0,"No"
"S0079","SUP005",28,"Female","Education","Master's","Full-time","None","No","No",2,"Not invited",0,"No"
"S0080","SUP047",28,"Female","Social Sciences","Master's","Full-time","Part-time job","No","No",2,"Not invited",0,"No"
"S0081","SUP037",41,"Female","Health Sciences","PhD","Part-time","None","Yes","Yes",5,"Not invited",0,"No"
"S0082","SUP092",28,"Male","Education","Master's","Full-time","Part-time job","No","Yes",2,"Invited",0,"No"
"S0083","SUP025",24,"Female","Humanities","Master's","Full-time","Full-time job","No","Yes",3,"Not invited",0,"Yes"
"S0084","SUP085",30,"Female","Humanities","PhD","Full-time","None","No","Yes",3,"Invited",4,"No"
"S0085","SUP087",31,"Male","Health Sciences","Master's","Full-time","None","Yes","No",5,"Invited",4,"No"
"S0086","SUP004",42,"Male","Education","PhD","Full-time","None","Yes","No",5,"Not invited",0,"No"
"S0087","SUP077",27,"Female","Health Sciences","Master's","Full-time","None","No","No",1,"Not invited",0,"No"
"S0088","SUP012",26,"Female","Education","Master's","Full-time","Part-time job","No","Yes",2,"Invited",6,"No"
"S0089","SUP042",27,"Male","Humanities","Master's","Full-time","None","No","No",3,"Not invited",0,"Yes"
"S0090","SUP009",37,"Female","Education","PhD","Full-time","None","No","Yes",,"Not invited",0,"No"
"S0091","SUP082",32,"Male","Education","Master's","Full-time","None","Yes","No",3,"Not invited",0,"No"
"S0092","SUP022",36,"Male","Education","Master's","Full-time","None","No","No",3,"Not invited",0,"No"
"S0093","SUP085",26,"Male","Humanities","Master's","Full-time","Part-time job","No","Yes",5,"Not invited",0,"No"
"S0094","SUP057",35,"Female","Education","PhD","Part-time","Full-time job","No","No",2,"Invited",2,"No"
"S0095","SUP037",39,"Male","Health Sciences","PhD","Full-time","None","No","Yes",1,"Invited",4,"No"
"S0096","SUP057",23,"Female","Education","Master's","Full-time","Full-time job","No","No",1,"Invited",4,"No"
"S0097","SUP031",25,"Male","Health Sciences","Master's","Full-time","Part-time job","No","No",3,"Invited",1,"No"
"S0098","SUP048",29,"Female","Humanities","Master's","Part-time","Part-time job","No","Yes",,"Invited",4,"No"
"S0099","SUP091",33,"Male","Education","PhD","Full-time","Part-time job","No","Yes",2,"Invited",6,"No"
"S0100","SUP025",28,"Male","Humanities","Master's","Full-time","Part-time job","No","No",2,"Invited",2,"No"
"S0101","SUP101",29,"Female","Humanities","PhD","Full-time","None","No","Yes",2,"Not invited",0,"No"
"S0102","SUP059",30,"Female","Education","PhD","Full-time","Full-time job","Yes","Yes",3,"Invited",0,"Yes"
"S0103","SUP071",28,"Male","Natural Sciences","PhD","Full-time","None","No","No",1,"Invited",6,"No"
"S0104","SUP086",25,"Male","Natural Sciences","Master's","Full-time","Part-time job","No","Yes",4,"Not invited",0,"Yes"
"S0105","SUP054",39,"Female","Health Sciences","PhD","Part-time","Full-time job","Yes","No",3,"Invited",1,"No"
"S0106","SUP015",27,"Female","Social Sciences","Master's","Full-time","Part-time job","No","Yes",,"Not invited",0,"No"
"S0107","SUP117",28,"Male","Natural Sciences","Master's","Full-time","Part-time job","No","No",2,"Invited",2,"No"
"S0108","SUP087",28,"Female","Health Sciences","Master's","Full-time","None","No","Yes",3,"Invited",3,"No"
"S0109","SUP028",31,"Female","Humanities","Master's","Full-time","Part-time job","Yes","No",2,"Invited",6,"No"
"S0110","SUP088",31,"Female","Health Sciences","Master's","Full-time","Part-time job","No","No",,"Invited",3,"No"
"S0111","SUP056",28,"Male","Social Sciences","Master's","Part-time","Part-time job","No","Yes",3,"Not invited",0,"No"
"S0112","SUP004",36,"Female","Education","Master's","Part-time","Full-time job","No","No",3,"Not invited",0,"No"
"S0113","SUP064",34,"Female","Education","PhD","Full-time","Part-time job","Yes","Yes",2,"Invited",4,"No"
"S0114","SUP100",32,"Female","Health Sciences","Master's","Full-time","Part-time job","No","No",2,"Invited",5,"No"
"S0115","SUP023",27,"Male","Social Sciences","Master's","Full-time","None","Yes","Yes",2,"Not invited",0,"No"
"S0116","SUP085",26,"Female","Humanities","Master's","Full-time","Part-time job","No","Yes",2,"Not invited",0,"No"
"S0117","SUP100",32,"Male","Health Sciences","Master's","Full-time","Part-time job","No","No",2,"Not invited",0,"No"
"S0118","SUP062",30,"Female","Education","PhD","Part-time","Full-time job","Yes","Yes",2,"Invited",6,"Yes"
"S0119","SUP090",30,"Male","Health Sciences","Master's","Part-time","Part-time job","Yes","No",4,"Invited",3,"No"
"S0120","SUP056",32,"Female","Social Sciences","Master's","Full-time","None","No","No",1,"Invited",2,"No"
"S0121","SUP086",27,"Female","Natural Sciences","Master's","Full-time","Part-time job","No","Yes",2,"Not invited",0,"No"
"S0122","SUP107",29,"Female","Social Sciences","Master's","Full-time","None","No","No",4,"Invited",4,"No"
"S0123","SUP102",31,"Male","Natural Sciences","PhD","Part-time","None","No","Yes",2,"Not invited",0,"No"
"S0124","SUP005",26,"Female","Education","Master's","Full-time","Part-time job","No","No",1,"Invited",5,"No"
"S0125","SUP038",34,"Female","Health Sciences","PhD","Full-time","None","No","No",4,"Invited",4,"No"
"S0126","SUP086",24,"Male","Natural Sciences","Master's","Full-time","Part-time job","No","Yes",1,"Not invited",0,"No"
"S0127","SUP073",36,"Male","Social Sciences","Master's","Full-time","None","No","No",3,"Not invited",0,"No"
"S0128","SUP075",26,"Female","Health Sciences","Master's","Full-time","Part-time job","Yes","Yes",3,"Invited",4,"No"
"S0129","SUP088",30,"Male","Health Sciences","PhD","Full-time","None","No","Yes",4,"Invited",0,"No"
"S0130","SUP009",27,"Female","Education","Master's","Part-time","Full-time job","No","Yes",2,"Not invited",0,"No"
"S0131","SUP112",32,"Female","Health Sciences","Master's","Full-time","None","No","Yes",5,"Invited",5,"Yes"
"S0132","SUP116",29,"Male","Education","Master's","Full-time","Part-time job","No","Yes",2,"Invited",0,"No"
"S0133","SUP067",25,"Female","Humanities","Master's","Part-time","None","No","Yes",1,"Not invited",0,"No"
"S0134","SUP083",28,"Female","Natural Sciences","PhD","Full-time","None","No","Yes",4,"Not invited",0,"No"
"S0135","SUP046",25,"Male","Education","Master's","Full-time","None","No","Yes",3,"Not invited",0,"No"
"S0136","SUP026",30,"Female","Humanities","PhD","Part-time","Part-time job","No","No",3,"Not invited",0,"No"
"S0137","SUP013",24,"Female","Social Sciences","Master's","Full-time","Part-time job","No","Yes",,"Invited",0,"Yes"
"S0138","SUP016",38,"Male","Humanities","PhD","Part-time","None","Yes","Yes",1,"Not invited",0,"No"
"S0139","SUP046",26,"Female","Education","Master's","Part-time","Full-time job","Yes","No",3,"Invited",3,"No"
"S0140","SUP028",43,"Male","Humanities","PhD","Full-time","None","Yes","Yes",4,"Not invited",0,"No"
"S0141","SUP082",44,"Female","Education","Master's","Full-time","None","Yes","Yes",2,"Invited",5,"No"
"S0142","SUP112",25,"Male","Health Sciences","Master's","Full-time","None","No","Yes",4,"Invited",5,"Yes"
"S0143","SUP030",27,"Female","Humanities","Master's","Full-time","None","No","No",2,"Invited",0,"No"
"S0144","SUP071",25,"Male","Natural Sciences","Master's","Full-time","None","No","No",4,"Not invited",0,"No"
"S0145","SUP030",26,"Male","Humanities","Master's","Full-time","None","No","No",2,"Invited",6,"No"
"S0146","SUP064",28,"Female","Education","Master's","Full-time","None","No","No",1,"Invited",6,"No"
"S0147","SUP100",30,"Female","Health Sciences","Master's","Part-time","None","No","No",4,"Invited",6,"Yes"
"S0148","SUP063",26,"Male","Health Sciences","Master's","Part-time","None","No","Yes",2,"Not invited",0,"No"
"S0149","SUP117",34,"Male","Natural Sciences","PhD","Full-time","None","No","Yes",4,"Invited",6,"No"
"S0150","SUP077",24,"Male","Health Sciences","Master's","Full-time","Part-time job","No","Yes",1,"Invited",3,"Yes"
"S0151","SUP002",35,"Male","Education","PhD","Part-time","Part-time job","No","No",1,"Not invited",0,"No"
"S0152","SUP038",28,"Female","Health Sciences","Master's","Full-time","None","No","Yes",4,"Not invited",0,"No"
"S0153","SUP111",26,"Male","Social Sciences","Master's","Full-time","None","Yes","Yes",,"Not invited",0,"Yes"
"S0154","SUP112",37,"Female","Health Sciences","Master's","Full-time","None","Yes","No",3,"Not invited",0,"No"
"S0155","SUP119",28,"Female","Social Sciences","PhD","Part-time","Full-time job","Yes","Yes",,"Invited",5,"No"
"S0156","SUP071",27,"Male","Natural Sciences","Master's","Full-time","None","No","No",4,"Invited",2,"No"
"S0157","SUP089",29,"Female","Health Sciences","Master's","Full-time","None","No","No",1,"Invited",4,"Yes"
"S0158","SUP038",29,"Female","Health Sciences","Master's","Full-time","None","No","No",3,"Not invited",0,"No"
"S0159","SUP084",29,"Female","Social Sciences","PhD","Full-time","Part-time job","Yes","Yes",5,"Invited",6,"No"
"S0160","SUP089",28,"Male","Health Sciences","Master's","Full-time","None","No","Yes",4,"Not invited",0,"No"
"S0161","SUP120",26,"Female","Health Sciences","Master's","Part-time","None","No","No",5,"Invited",6,"No"
"S0162","SUP073",34,"Female","Social Sciences","Master's","Full-time","Part-time job","Yes","Yes",5,"Not invited",0,"No"
"S0163","SUP110",24,"Male","Health Sciences","Master's","Full-time","None","No","Yes",4,"Invited",6,"No"
"S0164","SUP068",25,"Female","Health Sciences","Master's","Part-time","None","Yes","Yes",2,"Not invited",0,"No"
"S0165","SUP053",33,"Female","Natural Sciences","Master's","Part-time","Part-time job","Yes","No",,"Invited",0,"No"
"S0166","SUP017",29,"Male","Health Sciences","Master's","Full-time","Part-time job","No","No",4,"Not invited",0,"No"
"S0167","SUP032",40,"Female","Natural Sciences","PhD","Part-time","None","Yes","No",5,"Invited",6,"Yes"
"S0168","SUP098",35,"Male","Health Sciences","Master's","Full-time","None","Yes","No",2,"Invited",5,"No"
"S0169","SUP110",28,"Female","Health Sciences","Master's","Full-time","None","No","Yes",1,"Not invited",0,"No"
"S0170","SUP037",39,"Male","Health Sciences","PhD","Full-time","None","Yes","Yes",3,"Invited",6,"No"
"S0171","SUP081",48,"Male","Humanities","PhD","Full-time","None","Yes","No",,"Invited",0,"No"
"S0172","SUP021",33,"Male","Health Sciences","PhD","Part-time","None","No","Yes",4,"Invited",0,"No"
"S0173","SUP078",25,"Female","Education","Master's","Full-time","Part-time job","No","Yes",4,"Invited",6,"No"
"S0174","SUP003",28,"Male","Health Sciences","Master's","Full-time","None","No","No",2,"Invited",6,"Yes"
"S0175","SUP029",31,"Female","Social Sciences","Master's","Full-time","None","No","Yes",3,"Invited",0,"No"
"S0176","SUP017",27,"Male","Health Sciences","Master's","Full-time","None","No","No",2,"Invited",2,"No"
"S0177","SUP043",26,"Female","Natural Sciences","Master's","Full-time","Part-time job","Yes","Yes",4,"Invited",5,"No"
"S0178","SUP064",39,"Male","Education","PhD","Part-time","None","Yes","No",4,"Not invited",0,"No"
"S0179","SUP065",33,"Male","Social Sciences","PhD","Full-time","None","No","No",3,"Not invited",0,"No"
"S0180","SUP056",26,"Female","Social Sciences","Master's","Full-time","None","No","No",2,"Not invited",0,"No"
"S0181","SUP097",27,"Female","Education","Master's","Full-time","Part-time job","No","No",2,"Invited",1,"No"
"S0182","SUP017",33,"Female","Health Sciences","PhD","Part-time","Full-time job","Yes","Yes",4,"Not invited",0,"No"
"S0183","SUP048",33,"Male","Humanities","PhD","Part-time","Full-time job","No","No",5,"Not invited",0,"No"
"S0184","SUP037",33,"Male","Health Sciences","PhD","Full-time","Part-time job","No","No",3,"Invited",3,"No"
"S0185","SUP048",26,"Male","Humanities","Master's","Full-time","None","No","Yes",3,"Invited",6,"No"
"S0186","SUP028",30,"Female","Humanities","PhD","Full-time","None","Yes","No",3,"Not invited",0,"No"
"S0187","SUP044",33,"Male","Natural Sciences","Master's","Full-time","None","No","Yes",4,"Not invited",0,"No"
"S0188","SUP005",30,"Female","Education","Master's","Full-time","Part-time job","No","No",4,"Invited",3,"No"
"S0189","SUP046",30,"Female","Education","Master's","Part-time","None","No","Yes",4,"Invited",5,"No"
"S0190","SUP061",24,"Male","Social Sciences","Master's","Full-time","Full-time job","No","No",1,"Not invited",0,"No"
"S0191","SUP049",27,"Male","Humanities","Master's","Full-time","Part-time job","Yes","No",2,"Not invited",0,"No"
"S0192","SUP069",27,"Female","Education","Master's","Part-time","Part-time job","No","Yes",5,"Not invited",0,"No"
"S0193","SUP103",25,"Male","Humanities","Master's","Part-time","Part-time job","No","No",5,"Invited",6,"No"
"S0194","SUP034",33,"Male","Health Sciences","PhD","Part-time","None","No","No",5,"Invited",5,"No"
"S0195","SUP056",24,"Male","Social Sciences","Master's","Full-time","Part-time job","No","No",2,"Invited",6,"No"
"S0196","SUP088",24,"Female","Health Sciences","Master's","Full-time","Part-time job","No","No",4,"Invited",4,"No"
"S0197","SUP092",24,"Female","Education","Master's","Full-time","None","No","No",,"Invited",6,"No"
"S0198","SUP064",25,"Male","Education","Master's","Full-time","None","No","Yes",4,"Not invited",0,"No"
"S0199","SUP004",29,"Male","Education","Master's","Part-time","Full-time job","Yes","No",5,"Not invited",0,"No"
"S0200","SUP098",27,"Male","Health Sciences","Master's","Full-time","Part-time job","Yes","No",4,"Invited",3,"No"
"S0201","SUP029",29,"Male","Social Sciences","PhD","Part-time","Part-time job","Yes","Yes",3,"Invited",6,"No"
"S0202","SUP120",27,"Male","Health Sciences","Master's","Part-time","None","No","No",3,"Invited",6,"No"
"S0203","SUP025",29,"Male","Humanities","Master's","Part-time","Full-time job","Yes","Yes",4,"Invited",1,"No"
"S0204","SUP041",45,"Female","Natural Sciences","PhD","Part-time","Full-time job","Yes","Yes",1,"Not invited",0,"No"
"S0205","SUP085",27,"Female","Humanities","PhD","Full-time","None","No","No",3,"Invited",2,"No"
"S0206","SUP017",25,"Male","Health Sciences","Master's","Part-time","Full-time job","No","No",4,"Invited",6,"No"
"S0207","SUP100",25,"Male","Health Sciences","Master's","Full-time","None","No","No",2,"Not invited",0,"No"
"S0208","SUP051",29,"Male","Humanities","Master's","Part-time","Part-time job","No","No",3,"Invited",6,"No"
"S0209","SUP029",27,"Female","Social Sciences","Master's","Full-time","Full-time job","No","Yes",2,"Invited",1,"No"
"S0210","SUP112",38,"Male","Health Sciences","PhD","Part-time","Part-time job","No","Yes",2,"Not invited",0,"No"
"S0211","SUP071",38,"Male","Natural Sciences","PhD","Full-time","None","Yes","No",3,"Not invited",0,"Yes"
"S0212","SUP034",33,"Male","Health Sciences","PhD","Full-time","None","No","No",4,"Not invited",0,"No"
"S0213","SUP053",40,"Male","Natural Sciences","PhD","Full-time","None","Yes","No",2,"Invited",4,"No"
"S0214","SUP011",39,"Male","Education","PhD","Full-time","None","No","No",1,"Invited",5,"No"
"S0215","SUP104",36,"Male","Education","PhD","Full-time","None","Yes","No",4,"Not invited",0,"No"
"S0216","SUP094",29,"Male","Humanities","PhD","Full-time","None","Yes","No",3,"Invited",5,"No"
"S0217","SUP049",38,"Female","Humanities","PhD","Full-time","None","Yes","No",5,"Not invited",0,"No"
"S0218","SUP058",32,"Female","Social Sciences","PhD","Full-time","None","Yes","Yes",3,"Not invited",0,"No"
"S0219","SUP032",34,"Male","Natural Sciences","PhD","Part-time","Full-time job","Yes","No",4,"Invited",5,"No"
"S0220","SUP087",27,"Male","Health Sciences","PhD","Part-time","None","No","No",3,"Invited",5,"No"
"S0221","SUP078",26,"Male","Education","Master's","Full-time","None","No","No",2,"Not invited",0,"No"
"S0222","SUP111",35,"Female","Social Sciences","PhD","Part-time","Part-time job","Yes","No",4,"Not invited",0,"No"
"S0223","SUP021",32,"Male","Health Sciences","Master's","Part-time","None","No","No",4,"Not invited",0,"Yes"
"S0224","SUP088",24,"Female","Health Sciences","Master's","Full-time","Part-time job","No","No",1,"Not invited",0,"No"
"S0225","SUP105",33,"Female","Social Sciences","PhD","Part-time","Part-time job","No","No",1,"Not invited",0,"No"
"S0226","SUP014",29,"Male","Education","Master's","Full-time","None","Yes","Yes",2,"Not invited",0,"No"
"S0227","SUP098",33,"Male","Health Sciences","Master's","Full-time","None","No","No",4,"Invited",5,"No"
"S0228","SUP008",29,"Male","Social Sciences","Master's","Full-time","None","Yes","No",,"Not invited",0,"No"
"S0229","SUP062",41,"Female","Education","PhD","Part-time","None","No","No",5,"Not invited",0,"Yes"
"S0230","SUP046",24,"Male","Education","Master's","Full-time","Part-time job","No","Yes",4,"Invited",4,"No"
"S0231","SUP058",27,"Female","Social Sciences","Master's","Part-time","Part-time job","Yes","Yes",5,"Not invited",0,"No"
"S0232","SUP063",39,"Male","Health Sciences","PhD","Part-time","Part-time job","No","No",3,"Invited",2,"No"
"S0233","SUP078",32,"Male","Education","PhD","Full-time","None","No","Yes",4,"Invited",6,"No"
"S0234","SUP069",31,"Male","Education","Master's","Full-time","None","Yes","Yes",5,"Invited",5,"No"
"S0235","SUP083",33,"Male","Natural Sciences","Master's","Part-time","Full-time job","Yes","Yes",3,"Invited",4,"No"
"S0236","SUP089",27,"Female","Health Sciences","Master's","Full-time","Part-time job","No","Yes",1,"Not invited",0,"No"
"S0237","SUP079",27,"Male","Social Sciences","Master's","Part-time","Full-time job","No","No",2,"Invited",6,"Yes"
"S0238","SUP091",24,"Female","Education","Master's","Part-time","Part-time job","No","No",2,"Not invited",0,"Yes"
"S0239","SUP062",28,"Female","Education","Master's","Full-time","None","No","Yes",1,"Invited",5,"No"
"S0240","SUP040",29,"Female","Education","Master's","Full-time","None","Yes","Yes",5,"Not invited",0,"Yes"
"S0241","SUP048",33,"Male","Humanities","Master's","Part-time","Full-time job","Yes","Yes",5,"Not invited",0,"Yes"
"S0242","SUP079",26,"Female","Social Sciences","Master's","Full-time","None","No","No",4,"Invited",6,"No"
"S0243","SUP109",24,"Female","Social Sciences","Master's","Part-time","Part-time job","No","No",2,"Invited",3,"No"
"S0244","SUP063",28,"Female","Health Sciences","PhD","Part-time","Full-time job","No","No",2,"Invited",0,"No"
"S0245","SUP091",25,"Male","Education","Master's","Full-time","Part-time job","No","No",3,"Invited",6,"No"
"S0246","SUP105",29,"Male","Social Sciences","PhD","Full-time","None","No","No",2,"Not invited",0,"No"
"S0247","SUP021",25,"Male","Health Sciences","Master's","Full-time","None","No","Yes",4,"Invited",3,"No"
"S0248","SUP021",25,"Female","Health Sciences","Master's","Part-time","Full-time job","No","No",1,"Invited",6,"No"
"S0249","SUP030",26,"Female","Humanities","Master's","Full-time","None","Yes","Yes",3,"Not invited",0,"No"
"S0250","SUP029",31,"Female","Social Sciences","Master's","Full-time","Part-time job","No","Yes",5,"Not invited",0,"No"
"S0251","SUP013",28,"Male","Social Sciences","Master's","Part-time","Part-time job","No","Yes",2,"Invited",6,"No"
"S0252","SUP097",31,"Male","Education","Master's","Full-time","None","Yes","No",,"Not invited",0,"No"
"S0253","SUP036",27,"Female","Education","Master's","Full-time","Full-time job","No","No",1,"Invited",5,"No"
"S0254","SUP023",31,"Male","Social Sciences","Master's","Full-time","None","Yes","Yes",2,"Not invited",0,"No"
"S0255","SUP079",24,"Male","Social Sciences","Master's","Full-time","None","No","No",3,"Not invited",0,"No"
"S0256","SUP064",28,"Male","Education","Master's","Full-time","Part-time job","No","Yes",2,"Not invited",0,"No"
"S0257","SUP096",26,"Male","Social Sciences","Master's","Full-time","Part-time job","No","Yes",4,"Invited",2,"Yes"
"S0258","SUP064",26,"Female","Education","Master's","Full-time","Part-time job","No","No",3,"Not invited",0,"No"
"S0259","SUP037",40,"Female","Health Sciences","PhD","Part-time","Full-time job","Yes","Yes",3,"Not invited",0,"Yes"
"S0260","SUP026",41,"Male","Humanities","PhD","Full-time","None","Yes","No",3,"Invited",5,"No"
"S0261","SUP014",30,"Male","Education","Master's","Full-time","None","No","No",3,"Not invited",0,"No"
"S0262","SUP005",32,"Female","Education","Master's","Part-time","Part-time job","No","No",1,"Invited",4,"No"
"S0263","SUP047",39,"Female","Social Sciences","PhD","Part-time","Part-time job","No","Yes",3,"Invited",6,"No"
"S0264","SUP056",35,"Male","Social Sciences","PhD","Part-time","Part-time job","Yes","No",3,"Not invited",0,"No"
"S0265","SUP071",32,"Female","Natural Sciences","PhD","Full-time","None","No","No",3,"Not invited",0,"Yes"
"S0266","SUP012",35,"Female","Education","PhD","Part-time","Full-time job","No","No",1,"Not invited",0,"No"
"S0267","SUP021",25,"Male","Health Sciences","Master's","Part-time","Part-time job","No","No",3,"Invited",2,"Yes"
"S0268","SUP095",31,"Female","Social Sciences","PhD","Full-time","Part-time job","No","No",3,"Not invited",0,"No"
"S0269","SUP013",24,"Female","Social Sciences","Master's","Full-time","None","No","Yes",3,"Not invited",0,"Yes"
"S0270","SUP105",27,"Female","Social Sciences","Master's","Full-time","Part-time job","Yes","Yes",5,"Not invited",0,"Yes"
"S0271","SUP062",26,"Male","Education","Master's","Full-time","None","No","No",4,"Invited",5,"No"
"S0272","SUP090",33,"Female","Health Sciences","Master's","Full-time","None","No","Yes",1,"Invited",0,"No"
"S0273","SUP052",47,"Female","Natural Sciences","PhD","Full-time","None","Yes","No",4,"Not invited",0,"No"
"S0274","SUP051",29,"Male","Humanities","Master's","Part-time","None","No","No",2,"Invited",0,"No"
"S0275","SUP046",30,"Male","Education","Master's","Full-time","None","No","Yes",3,"Invited",6,"No"
"S0276","SUP001",32,"Female","Social Sciences","Master's","Full-time","Part-time job","No","Yes",2,"Invited",0,"No"
"S0277","SUP005",25,"Female","Education","Master's","Full-time","None","No","No",2,"Invited",0,"No"
"S0278","SUP043",36,"Male","Natural Sciences","PhD","Part-time","Full-time job","Yes","No",3,"Invited",6,"Yes"
"S0279","SUP062",28,"Male","Education","PhD","Full-time","None","No","Yes",,"Not invited",0,"No"
"S0280","SUP094",25,"Female","Humanities","Master's","Full-time","Part-time job","No","No",2,"Not invited",0,"No"
"S0281","SUP021",27,"Female","Health Sciences","Master's","Full-time","None","Yes","No",3,"Invited",2,"No"
"S0282","SUP068",29,"Male","Health Sciences","Master's","Full-time","None","No","No",3,"Not invited",0,"Yes"
"S0283","SUP063",27,"Female","Health Sciences","Master's","Full-time","None","No","Yes",3,"Invited",5,"No"
"S0284","SUP016",27,"Male","Humanities","Master's","Full-time","Part-time job","No","Yes",5,"Invited",0,"No"
"S0285","SUP049",29,"Male","Humanities","Master's","Part-time","Full-time job","No","No",3,"Not invited",0,"Yes"
"S0286","SUP002",40,"Female","Education","Master's","Full-time","Full-time job","Yes","Yes",5,"Invited",5,"Yes"
"S0287","SUP120",32,"Female","Health Sciences","Master's","Part-time","Full-time job","No","Yes",3,"Not invited",0,"No"
"S0288","SUP055",27,"Female","Education","Master's","Part-time","Part-time job","No","No",2,"Not invited",0,"No"
"S0289","SUP034",26,"Male","Health Sciences","Master's","Part-time","Part-time job","No","Yes",3,"Invited",0,"No"
"S0290","SUP003",34,"Male","Health Sciences","PhD","Full-time","Part-time job","No","No",1,"Not invited",0,"No"
"S0291","SUP119",32,"Female","Social Sciences","Master's","Full-time","None","No","No",5,"Not invited",0,"No"
"S0292","SUP064",30,"Male","Education","Master's","Full-time","None","No","No",3,"Invited",2,"No"
"S0293","SUP016",32,"Female","Humanities","PhD","Full-time","Part-time job","No","No",2,"Invited",2,"No"
"S0294","SUP119",25,"Male","Social Sciences","Master's","Full-time","Part-time job","No","No",3,"Invited",0,"No"
"S0295","SUP056",28,"Female","Social Sciences","Master's","Full-time","None","No","No",2,"Not invited",0,"Yes"
"S0296","SUP035",29,"Female","Education","Master's","Part-time","None","No","No",4,"Invited",6,"No"
"S0297","SUP050",29,"Male","Humanities","Master's","Full-time","None","No","Yes",4,"Invited",5,"No"
"S0298","SUP097",34,"Male","Education","Master's","Full-time","None","Yes","No",3,"Not invited",0,"No"
"S0299","SUP107",25,"Female","Social Sciences","Master's","Full-time","Part-time job","No","No",3,"Invited",6,"No"
"S0300","SUP053",26,"Female","Natural Sciences","Master's","Part-time","Part-time job","Yes","No",3,"Not invited",0,"No"
"S0301","SUP091",27,"Female","Education","Master's","Full-time","Part-time job","No","No",4,"Not invited",0,"Yes"
"S0302","SUP087",32,"Female","Health Sciences","PhD","Full-time","None","No","No",3,"Not invited",0,"No"
"S0303","SUP064",27,"Female","Education","Master's","Full-time","Part-time job","Yes","No",2,"Not invited",0,"No"
"S0304","SUP077",27,"Male","Health Sciences","Master's","Full-time","Part-time job","No","Yes",5,"Not invited",0,"No"
"S0305","SUP011",24,"Male","Education","Master's","Full-time","None","Yes","No",4,"Invited",2,"No"
"S0306","SUP080",25,"Male","Education","Master's","Full-time","Part-time job","No","No",3,"Invited",4,"Yes"
"S0307","SUP029",28,"Female","Social Sciences","PhD","Full-time","None","No","No",2,"Not invited",0,"No"
"S0308","SUP087",31,"Male","Health Sciences","Master's","Full-time","None","Yes","Yes",5,"Invited",5,"Yes"
"S0309","SUP108",26,"Female","Humanities","Master's","Part-time","Full-time job","No","No",3,"Not invited",0,"No"
"S0310","SUP005",23,"Female","Education","Master's","Part-time","Part-time job","No","No",3,"Not invited",0,"No"
"S0311","SUP098",27,"Female","Health Sciences","Master's","Full-time","None","No","No",3,"Not invited",0,"No"
"S0312","SUP059",24,"Male","Education","Master's","Part-time","None","No","No",3,"Not invited",0,"No"
"S0313","SUP056",29,"Female","Social Sciences","Master's","Full-time","None","Yes","Yes",3,"Not invited",0,"No"
"S0314","SUP015",26,"Female","Social Sciences","Master's","Part-time","Full-time job","No","Yes",1,"Not invited",0,"No"
"S0315","SUP110",28,"Male","Health Sciences","Master's","Part-time","None","Yes","No",4,"Not invited",0,"Yes"
"S0316","SUP055",28,"Female","Education","Master's","Full-time","Full-time job","No","No",1,"Invited",3,"No"
"S0317","SUP033",23,"Female","Natural Sciences","Master's","Full-time","None","No","Yes",4,"Invited",4,"No"
"S0318","SUP080",28,"Male","Education","Master's","Full-time","None","No","No",1,"Not invited",0,"No"
"S0319","SUP078",30,"Female","Education","PhD","Full-time","Part-time job","No","Yes",3,"Invited",1,"No"
"S0320","SUP053",34,"Female","Natural Sciences","PhD","Part-time","Full-time job","Yes","No",3,"Not invited",0,"No"
"S0321","SUP118",26,"Female","Social Sciences","Master's","Part-time","Full-time job","Yes","No",3,"Not invited",0,"No"
"S0322","SUP058",24,"Female","Social Sciences","Master's","Full-time","Part-time job","Yes","Yes",,"Not invited",0,"No"
"S0323","SUP001",25,"Female","Social Sciences","Master's","Full-time","None","Yes","No",3,"Not invited",0,"No"
"S0324","SUP063",34,"Male","Health Sciences","Master's","Full-time","None","Yes","No",2,"Not invited",0,"No"
"S0325","SUP009",32,"Female","Education","Master's","Full-time","None","No","Yes",5,"Invited",0,"No"
"S0326","SUP029",32,"Male","Social Sciences","PhD","Part-time","Part-time job","Yes","Yes",4,"Not invited",0,"No"
"S0327","SUP095",34,"Male","Social Sciences","Master's","Full-time","Part-time job","No","No",3,"Invited",3,"No"
"S0328","SUP009",28,"Male","Education","PhD","Full-time","Part-time job","Yes","No",3,"Not invited",0,"No"
"S0329","SUP012",27,"Male","Education","Master's","Full-time","None","No","Yes",4,"Invited",0,"Yes"
"S0330","SUP103",36,"Male","Humanities","PhD","Full-time","None","Yes","Yes",3,"Invited",5,"No"
"S0331","SUP004",28,"Male","Education","Master's","Full-time","Part-time job","No","No",3,"Not invited",0,"No"
"S0332","SUP018",30,"Male","Natural Sciences","Master's","Part-time","Part-time job","No","Yes",1,"Not invited",0,"No"
"S0333","SUP094",28,"Female","Humanities","Master's","Full-time","None","No","No",1,"Not invited",0,"No"
"S0334","SUP015",30,"Male","Social Sciences","Master's","Part-time","Full-time job","No","Yes",3,"Not invited",0,"No"
"S0335","SUP014",26,"Female","Education","Master's","Full-time","None","No","No",3,"Invited",4,"No"
"S0336","SUP081",29,"Female","Humanities","Master's","Part-time","Full-time job","No","Yes",3,"Invited",1,"Yes"
"S0337","SUP021",30,"Male","Health Sciences","Master's","Full-time","None","No","Yes",3,"Not invited",0,"No"
"S0338","SUP113",26,"Male","Education","Master's","Full-time","Part-time job","No","Yes",3,"Not invited",0,"No"
"S0339","SUP102",30,"Female","Natural Sciences","PhD","Full-time","None","No","Yes",5,"Invited",5,"No"
"S0340","SUP119",25,"Male","Social Sciences","Master's","Full-time","None","No","Yes",1,"Not invited",0,"No"
"S0341","SUP056",25,"Female","Social Sciences","Master's","Full-time","Part-time job","No","No",1,"Not invited",0,"No"
"S0342","SUP009",35,"Male","Education","PhD","Full-time","Part-time job","No","Yes",3,"Invited",0,"No"
"S0343","SUP091",24,"Female","Education","Master's","Full-time","None","No","No",4,"Invited",5,"Yes"
"S0344","SUP102",26,"Female","Natural Sciences","Master's","Full-time","Part-time job","No","Yes",2,"Not invited",0,"No"
"S0345","SUP074",24,"Male","Health Sciences","Master's","Full-time","None","No","No",3,"Not invited",0,"No"
"S0346","SUP049",42,"Female","Humanities","PhD","Full-time","Part-time job","Yes","No",5,"Not invited",0,"No"
"S0347","SUP005",29,"Male","Education","Master's","Full-time","None","No","Yes",,"Not invited",0,"No"
"S0348","SUP048",32,"Female","Humanities","PhD","Part-time","Part-time job","No","Yes",3,"Not invited",0,"No"
"S0349","SUP030",29,"Male","Humanities","Master's","Full-time","Part-time job","No","No",1,"Invited",3,"No"
"S0350","SUP075",36,"Female","Health Sciences","Master's","Part-time","Part-time job","Yes","Yes",4,"Invited",2,"No"
"S0351","SUP090",27,"Female","Health Sciences","Master's","Full-time","None","No","No",1,"Not invited",0,"No"
"S0352","SUP013",31,"Female","Social Sciences","Master's","Full-time","Full-time job","No","No",1,"Not invited",0,"No"
"S0353","SUP115",27,"Male","Social Sciences","Master's","Full-time","None","No","Yes",5,"Not invited",0,"Yes"
"S0354","SUP063",32,"Female","Health Sciences","PhD","Part-time","Full-time job","No","Yes",2,"Not invited",0,"No"
"S0355","SUP029",27,"Female","Social Sciences","Master's","Full-time","None","No","No",1,"Invited",5,"No"
"S0356","SUP075",34,"Female","Health Sciences","Master's","Part-time","Full-time job","No","No",3,"Not invited",0,"No"
"S0357","SUP119",35,"Female","Social Sciences","PhD","Full-time","None","No","No",,"Invited",1,"No"
"S0358","SUP037",26,"Male","Health Sciences","Master's","Full-time","None","No","Yes",5,"Invited",5,"No"
"S0359","SUP096",31,"Female","Social Sciences","PhD","Full-time","Part-time job","No","No",1,"Invited",3,"No"
"S0360","SUP048",25,"Male","Humanities","Master's","Part-time","Part-time job","No","No",4,"Invited",0,"No"
"S0361","SUP046",28,"Male","Education","Master's","Full-time","None","No","Yes",5,"Invited",2,"No"
"S0362","SUP066",25,"Female","Humanities","Master's","Full-time","None","No","No",4,"Not invited",0,"No"
"S0363","SUP044",32,"Male","Natural Sciences","PhD","Full-time","None","No","No",1,"Not invited",0,"No"
"S0364","SUP014",24,"Male","Education","Master's","Full-time","Part-time job","No","Yes",3,"Not invited",0,"No"
"S0365","SUP117",25,"Female","Natural Sciences","Master's","Full-time","None","No","Yes",3,"Invited",3,"No"
"S0366","SUP098",24,"Male","Health Sciences","Master's","Part-time","Full-time job","No","Yes",1,"Not invited",0,"No"
"S0367","SUP083",28,"Female","Natural Sciences","Master's","Full-time","Part-time job","No","No",3,"Invited",1,"No"
"S0368","SUP006",33,"Female","Natural Sciences","PhD","Part-time","Full-time job","No","No",,"Not invited",0,"No"
"S0369","SUP110",32,"Male","Health Sciences","Master's","Full-time","Part-time job","No","No",1,"Invited",4,"No"
"S0370","SUP059",34,"Female","Education","Master's","Part-time","Full-time job","No","No",,"Invited",2,"No"
"S0371","SUP118",29,"Male","Social Sciences","Master's","Full-time","None","No","No",2,"Invited",6,"No"
"S0372","SUP038",26,"Male","Health Sciences","Master's","Part-time","Part-time job","No","Yes",3,"Invited",5,"No"
"S0373","SUP041",36,"Female","Natural Sciences","PhD","Full-time","Part-time job","Yes","No",,"Not invited",0,"No"
"S0374","SUP048",24,"Female","Humanities","Master's","Full-time","Full-time job","No","No",1,"Invited",3,"No"
"S0375","SUP005",25,"Female","Education","Master's","Full-time","None","Yes","Yes",,"Not invited",0,"No"
"S0376","SUP011",30,"Male","Education","Master's","Part-time","Full-time job","No","No",2,"Not invited",0,"No"
"S0377","SUP094",27,"Female","Humanities","Master's","Full-time","Part-time job","No","Yes",1,"Invited",5,"No"
"S0378","SUP116",29,"Female","Education","Master's","Part-time","Full-time job","No","No",1,"Invited",5,"No"
"S0379","SUP102",29,"Female","Natural Sciences","PhD","Full-time","None","No","Yes",4,"Invited",6,"No"
"S0380","SUP106",26,"Female","Natural Sciences","Master's","Full-time","None","No","Yes",4,"Not invited",0,"No"
"S0381","SUP021",30,"Female","Health Sciences","PhD","Part-time","None","No","Yes",3,"Not invited",0,"Yes"
"S0382","SUP089",29,"Male","Health Sciences","Master's","Full-time","None","No","No",3,"Invited",6,"No"
"S0383","SUP099",27,"Female","Natural Sciences","Master's","Full-time","None","No","Yes",4,"Not invited",0,"No"
"S0384","SUP042",26,"Female","Humanities","Master's","Part-time","Full-time job","Yes","No",,"Not invited",0,"Yes"
"S0385","SUP055",26,"Male","Education","Master's","Part-time","Full-time job","No","No",,"Not invited",0,"Yes"
"S0386","SUP061",33,"Male","Social Sciences","PhD","Full-time","Part-time job","No","No",2,"Invited",0,"No"
"S0387","SUP095",28,"Male","Social Sciences","Master's","Full-time","Part-time job","Yes","Yes",3,"Not invited",0,"No"
"S0388","SUP036",29,"Female","Education","Master's","Full-time","None","No","Yes",,"Not invited",0,"No"
"S0389","SUP062",26,"Male","Education","Master's","Full-time","None","No","No",4,"Not invited",0,"No"
"S0390","SUP070",25,"Male","Education","Master's","Full-time","None","No","No",4,"Invited",1,"No"
"S0391","SUP032",39,"Female","Natural Sciences","PhD","Part-time","None","No","Yes",3,"Not invited",0,"No"
"S0392","SUP076",25,"Male","Humanities","Master's","Full-time","None","No","No",3,"Invited",3,"No"
"S0393","SUP019",32,"Female","Health Sciences","Master's","Part-time","None","No","No",,"Invited",1,"No"
"S0394","SUP073",31,"Female","Social Sciences","Master's","Full-time","None","No","Yes",4,"Invited",4,"Yes"
"S0395","SUP005",38,"Female","Education","PhD","Part-time","Full-time job","Yes","Yes",4,"Not invited",0,"Yes"
"S0396","SUP068",29,"Female","Health Sciences","Master's","Full-time","None","No","No",1,"Not invited",0,"Yes"
"S0397","SUP092",32,"Female","Education","PhD","Full-time","None","No","No",2,"Invited",5,"No"
"S0398","SUP059",24,"Female","Education","Master's","Full-time","None","No","No",3,"Not invited",0,"No"
"S0399","SUP102",30,"Male","Natural Sciences","Master's","Full-time","Part-time job","No","No",2,"Not invited",0,"No"
"S0400","SUP073",30,"Female","Social Sciences","Master's","Full-time","None","No","Yes",4,"Invited",0,"No"
"S0401","SUP046",33,"Male","Education","Master's","Full-time","Part-time job","Yes","No",2,"Invited",4,"No"
"S0402","SUP079",33,"Female","Social Sciences","PhD","Full-time","Part-time job","No","No",2,"Not invited",0,"No"
"S0403","SUP054",35,"Male","Health Sciences","PhD","Full-time","None","Yes","Yes",4,"Invited",6,"Yes"
"S0404","SUP102",27,"Female","Natural Sciences","Master's","Full-time","None","No","Yes",4,"Invited",6,"No"
"S0405","SUP003",34,"Female","Health Sciences","Master's","Part-time","Part-time job","Yes","No",1,"Not invited",0,"No"
"S0406","SUP015",27,"Male","Social Sciences","Master's","Full-time","None","No","Yes",5,"Not invited",0,"No"
"S0407","SUP076",27,"Female","Humanities","Master's","Part-time","None","No","No",2,"Invited",1,"No"
"S0408","SUP119",27,"Female","Social Sciences","Master's","Full-time","Part-time job","Yes","No",2,"Not invited",0,"No"
"S0409","SUP020",28,"Male","Education","Master's","Full-time","Part-time job","Yes","No",2,"Invited",4,"No"
"S0410","SUP006",25,"Female","Natural Sciences","Master's","Full-time","None","No","No",1,"Not invited",0,"Yes"
"S0411","SUP021",31,"Male","Health Sciences","PhD","Part-time","Part-time job","No","No",1,"Not invited",0,"No"
"S0412","SUP077",28,"Male","Health Sciences","Master's","Part-time","Full-time job","No","No",4,"Invited",5,"Yes"
"S0413","SUP066",25,"Female","Humanities","Master's","Part-time","Part-time job","No","No",1,"Not invited",0,"No"
"S0414","SUP014",28,"Female","Education","Master's","Full-time","None","No","No",3,"Not invited",0,"Yes"
"S0415","SUP078",30,"Female","Education","PhD","Full-time","None","No","Yes",4,"Not invited",0,"No"
"S0416","SUP013",44,"Female","Social Sciences","Master's","Part-time","Part-time job","No","Yes",3,"Not invited",0,"Yes"
"S0417","SUP051",28,"Male","Humanities","Master's","Full-time","None","No","No",3,"Invited",3,"No"
"S0418","SUP081",26,"Female","Humanities","Master's","Part-time","Full-time job","No","Yes",2,"Invited",0,"No"
"S0419","SUP087",29,"Female","Health Sciences","PhD","Full-time","Part-time job","No","No",3,"Not invited",0,"Yes"
"S0420","SUP017",24,"Female","Health Sciences","Master's","Full-time","None","No","No",2,"Invited",5,"No"
"S0421","SUP052",38,"Male","Natural Sciences","Master's","Part-time","Part-time job","Yes","Yes",4,"Not invited",0,"Yes"
"S0422","SUP045",27,"Female","Natural Sciences","Master's","Full-time","None","No","Yes",,"Not invited",0,"No"
"S0423","SUP096",30,"Male","Social Sciences","Master's","Full-time","None","No","No",4,"Not invited",0,"No"
"S0424","SUP102",28,"Female","Natural Sciences","Master's","Part-time","Full-time job","No","Yes",3,"Invited",3,"No"
"S0425","SUP077",28,"Female","Health Sciences","Master's","Full-time","None","No","No",3,"Invited",2,"No"
"S0426","SUP080",29,"Female","Education","Master's","Full-time","Part-time job","No","No",4,"Invited",5,"No"
"S0427","SUP075",31,"Male","Health Sciences","Master's","Full-time","None","No","No",3,"Invited",5,"No"
"S0428","SUP018",42,"Female","Natural Sciences","PhD","Full-time","Part-time job","No","Yes",3,"Not invited",0,"No"
"S0429","SUP067",28,"Female","Humanities","Master's","Part-time","Part-time job","No","No",3,"Not invited",0,"No"
"S0430","SUP017",31,"Male","Health Sciences","PhD","Full-time","Part-time job","No","Yes",3,"Invited",4,"No"
"S0431","SUP119",29,"Male","Social Sciences","Master's","Full-time","None","No","No",2,"Invited",5,"No"
"S0432","SUP117",27,"Female","Natural Sciences","Master's","Full-time","Full-time job","No","No",1,"Not invited",0,"No"
"S0433","SUP038",24,"Female","Health Sciences","Master's","Full-time","None","No","Yes",3,"Not invited",0,"No"
"S0434","SUP116",24,"Female","Education","Master's","Full-time","None","No","No",4,"Invited",2,"No"
"S0435","SUP086",30,"Female","Natural Sciences","PhD","Part-time","Part-time job","No","No",3,"Invited",0,"No"
"S0436","SUP115",28,"Male","Social Sciences","Master's","Full-time","Part-time job","No","No",2,"Not invited",0,"No"
"S0437","SUP065",40,"Female","Social Sciences","PhD","Part-time","Full-time job","No","No",1,"Invited",5,"No"
"S0438","SUP071",26,"Male","Natural Sciences","Master's","Full-time","Part-time job","No","No",1,"Invited",0,"No"
"S0439","SUP081",25,"Female","Humanities","Master's","Part-time","Part-time job","Yes","Yes",5,"Not invited",0,"No"
"S0440","SUP040",30,"Female","Education","Master's","Part-time","Part-time job","No","Yes",3,"Not invited",0,"No"
"S0441","SUP099",34,"Female","Natural Sciences","PhD","Part-time","Part-time job","Yes","Yes",3,"Invited",5,"No"
"S0442","SUP014",32,"Male","Education","PhD","Full-time","Part-time job","No","No",4,"Invited",5,"No"
"S0443","SUP116",36,"Male","Education","PhD","Full-time","None","Yes","No",3,"Invited",2,"No"
"S0444","SUP051",39,"Male","Humanities","PhD","Part-time","None","Yes","No",4,"Not invited",0,"No"
"S0445","SUP003",27,"Male","Health Sciences","Master's","Full-time","Part-time job","No","No",2,"Invited",5,"No"
"S0446","SUP063",27,"Female","Health Sciences","Master's","Full-time","None","No","Yes",4,"Invited",1,"Yes"
"S0447","SUP043",37,"Male","Natural Sciences","Master's","Part-time","Full-time job","No","Yes",1,"Not invited",0,"No"
"S0448","SUP007",29,"Male","Natural Sciences","Master's","Full-time","Part-time job","Yes","No",4,"Not invited",0,"No"
"S0449","SUP038",26,"Male","Health Sciences","Master's","Part-time","Full-time job","No","Yes",4,"Invited",3,"No"
"S0450","SUP096",24,"Male","Social Sciences","Master's","Full-time","None","No","No",2,"Not invited",0,"No"
"S0451","SUP072",28,"Female","Health Sciences","PhD","Full-time","None","Yes","Yes",5,"Not invited",0,"Yes"
"S0452","SUP120",25,"Male","Health Sciences","Master's","Full-time","None","No","Yes",4,"Invited",4,"No"
"S0453","SUP065",24,"Male","Social Sciences","Master's","Part-time","Full-time job","No","No",2,"Not invited",0,"No"
"S0454","SUP009",27,"Female","Education","Master's","Full-time","None","No","Yes",2,"Invited",0,"No"
"S0455","SUP029",32,"Male","Social Sciences","Master's","Full-time","None","No","No",2,"Invited",3,"No"
"S0456","SUP049",31,"Male","Humanities","Master's","Full-time","Part-time job","Yes","Yes",3,"Invited",3,"No"
"S0457","SUP079",25,"Male","Social Sciences","Master's","Full-time","None","No","Yes",5,"Not invited",0,"No"
"S0458","SUP106",30,"Male","Natural Sciences","PhD","Full-time","Part-time job","No","No",4,"Invited",3,"No"
"S0459","SUP111",25,"Male","Social Sciences","Master's","Full-time","None","Yes","Yes",5,"Not invited",0,"No"
"S0460","SUP082",29,"Male","Education","Master's","Part-time","Full-time job","No","Yes",2,"Invited",0,"No"
"S0461","SUP008",25,"Female","Social Sciences","Master's","Full-time","None","No","Yes",2,"Not invited",0,"No"
"S0462","SUP114",33,"Female","Natural Sciences","Master's","Full-time","Part-time job","No","Yes",2,"Invited",3,"No"
"S0463","SUP058",45,"Male","Social Sciences","PhD","Full-time","None","Yes","Yes",4,"Not invited",0,"No"
"S0464","SUP067",28,"Male","Humanities","Master's","Full-time","None","No","No",1,"Invited",6,"No"
"S0465","SUP096",26,"Male","Social Sciences","Master's","Full-time","None","No","Yes",3,"Invited",4,"Yes"
"S0466","SUP078",33,"Female","Education","PhD","Part-time","Full-time job","Yes","No",4,"Invited",6,"No"
"S0467","SUP035",28,"Male","Education","Master's","Full-time","None","No","No",2,"Invited",5,"No"
"S0468","SUP112",28,"Female","Health Sciences","Master's","Full-time","None","No","Yes",3,"Not invited",0,"No"
"S0469","SUP102",25,"Female","Natural Sciences","Master's","Part-time","Full-time job","No","Yes",1,"Not invited",0,"No"
"S0470","SUP105",26,"Female","Social Sciences","Master's","Part-time","Full-time job","No","No",2,"Invited",3,"No"
"S0471","SUP044",27,"Male","Natural Sciences","Master's","Full-time","None","No","No",1,"Invited",4,"No"
"S0472","SUP084",25,"Male","Social Sciences","Master's","Full-time","Full-time job","No","Yes",,"Not invited",0,"No"
"S0473","SUP102",44,"Male","Natural Sciences","PhD","Part-time","Full-time job","No","No",4,"Invited",3,"No"
"S0474","SUP037",38,"Female","Health Sciences","Master's","Full-time","None","Yes","Yes",5,"Not invited",0,"Yes"
"S0475","SUP062",33,"Female","Education","PhD","Full-time","None","No","Yes",3,"Invited",5,"No"
"S0476","SUP029",33,"Female","Social Sciences","Master's","Full-time","None","Yes","Yes",4,"Not invited",0,"No"
"S0477","SUP049",30,"Female","Humanities","PhD","Full-time","None","Yes","Yes",3,"Not invited",0,"No"
"S0478","SUP097",27,"Male","Education","Master's","Full-time","Part-time job","Yes","No",1,"Invited",4,"No"
"S0479","SUP027",37,"Female","Health Sciences","PhD","Part-time","Full-time job","No","No",2,"Not invited",0,"No"
"S0480","SUP034",31,"Female","Health Sciences","Master's","Full-time","None","No","No",2,"Not invited",0,"No"
"S0481","SUP071",25,"Male","Natural Sciences","Master's","Full-time","None","No","No",4,"Not invited",0,"No"
"S0482","SUP117",24,"Female","Natural Sciences","Master's","Full-time","Part-time job","No","No",2,"Invited",6,"No"
"S0483","SUP100",25,"Male","Health Sciences","Master's","Full-time","None","No","Yes",2,"Invited",1,"No"
"S0484","SUP014",33,"Female","Education","PhD","Full-time","None","No","Yes",4,"Not invited",0,"No"
"S0485","SUP083",28,"Female","Natural Sciences","Master's","Full-time","None","No","Yes",2,"Not invited",0,"No"
"S0486","SUP008",32,"Female","Social Sciences","Master's","Full-time","None","No","No",2,"Not invited",0,"No"
"S0487","SUP016",34,"Male","Humanities","Master's","Full-time","Part-time job","No","Yes",,"Not invited",0,"No"
"S0488","SUP065",26,"Female","Social Sciences","Master's","Full-time","None","No","No",3,"Not invited",0,"No"
"S0489","SUP038",27,"Female","Health Sciences","Master's","Full-time","None","No","No",1,"Invited",6,"No"
"S0490","SUP019",30,"Male","Health Sciences","PhD","Full-time","None","Yes","Yes",5,"Not invited",0,"No"
"S0491","SUP111",28,"Female","Social Sciences","PhD","Full-time","Part-time job","No","Yes",2,"Invited",5,"No"
"S0492","SUP008",25,"Male","Social Sciences","Master's","Part-time","Full-time job","No","Yes",5,"Invited",4,"Yes"
"S0493","SUP037",27,"Female","Health Sciences","Master's","Full-time","None","No","Yes",3,"Not invited",0,"No"
"S0494","SUP081",28,"Male","Humanities","Master's","Full-time","None","No","No",4,"Not invited",0,"No"
"S0495","SUP029",30,"Male","Social Sciences","Master's","Full-time","None","No","Yes",2,"Not invited",0,"No"
"S0496","SUP048",24,"Female","Humanities","Master's","Full-time","Part-time job","No","Yes",3,"Not invited",0,"No"
"S0497","SUP068",25,"Female","Health Sciences","Master's","Full-time","None","No","Yes",1,"Invited",2,"No"
"S0498","SUP052",26,"Female","Natural Sciences","Master's","Full-time","None","No","Yes",4,"Invited",5,"No"
"S0499","SUP025",26,"Female","Humanities","Master's","Full-time","Part-time job","No","Yes",4,"Not invited",0,"No"
"S0500","SUP011",29,"Female","Education","PhD","Full-time","None","No","No",2,"Invited",4,"No"
"S0501","SUP064",45,"Male","Education","PhD","Full-time","Part-time job","Yes","No",1,"Invited",5,"No"
"S0502","SUP071",31,"Male","Natural Sciences","Master's","Full-time","None","No","Yes",4,"Invited",4,"No"
"S0503","SUP073",24,"Female","Social Sciences","Master's","Full-time","None","No","No",2,"Invited",6,"No"
"S0504","SUP101",36,"Male","Humanities","PhD","Part-time","Part-time job","No","Yes",2,"Invited",0,"No"
"S0505","SUP005",29,"Female","Education","Master's","Full-time","None","No","Yes",4,"Not invited",0,"No"
"S0506","SUP049",27,"Female","Humanities","Master's","Part-time","Full-time job","Yes","No",3,"Invited",5,"Yes"
"S0507","SUP116",42,"Male","Education","PhD","Part-time","Part-time job","Yes","No",2,"Not invited",0,"No"
"S0508","SUP104",25,"Male","Education","Master's","Full-time","None","No","No",2,"Not invited",0,"No"
"S0509","SUP051",26,"Female","Humanities","Master's","Full-time","None","No","No",2,"Invited",5,"No"
"S0510","SUP060",26,"Male","Natural Sciences","Master's","Full-time","None","Yes","No",3,"Invited",6,"Yes"
"S0511","SUP093",31,"Female","Natural Sciences","Master's","Full-time","None","No","Yes",2,"Invited",6,"No"
"S0512","SUP060",25,"Male","Natural Sciences","Master's","Full-time","None","No","Yes",3,"Not invited",0,"No"
"S0513","SUP112",24,"Male","Health Sciences","Master's","Part-time","Part-time job","No","No",1,"Not invited",0,"No"
"S0514","SUP056",27,"Male","Social Sciences","Master's","Part-time","Part-time job","No","Yes",,"Not invited",0,"Yes"
"S0515","SUP082",25,"Female","Education","Master's","Full-time","None","No","No",,"Invited",1,"No"
"S0516","SUP026",24,"Female","Humanities","Master's","Part-time","Full-time job","No","Yes",3,"Not invited",0,"No"
"S0517","SUP071",35,"Female","Natural Sciences","Master's","Full-time","None","Yes","No",4,"Invited",2,"No"
"S0518","SUP107",26,"Female","Social Sciences","Master's","Full-time","Part-time job","No","No",2,"Invited",0,"Yes"
"S0519","SUP007",31,"Female","Natural Sciences","PhD","Full-time","None","No","No",3,"Not invited",0,"No"
"S0520","SUP076",24,"Female","Humanities","Master's","Full-time","Full-time job","Yes","No",3,"Invited",6,"Yes"
"S0521","SUP023",50,"Female","Social Sciences","PhD","Part-time","Full-time job","Yes","Yes",4,"Not invited",0,"Yes"
"S0522","SUP113",38,"Male","Education","PhD","Part-time","None","No","Yes",2,"Not invited",0,"No"
"S0523","SUP091",26,"Male","Education","Master's","Full-time","None","No","Yes",2,"Invited",4,"No"
"S0524","SUP027",36,"Female","Health Sciences","Master's","Full-time","None","No","No",5,"Not invited",0,"No"
"S0525","SUP057",29,"Male","Education","Master's","Full-time","Part-time job","Yes","Yes",4,"Not invited",0,"No"
"S0526","SUP086",31,"Female","Natural Sciences","PhD","Full-time","None","Yes","No",3,"Invited",5,"No"
"S0527","SUP021",24,"Male","Health Sciences","Master's","Part-time","Part-time job","No","No",2,"Invited",6,"No"
"S0528","SUP035",40,"Female","Education","PhD","Full-time","None","No","No",3,"Invited",0,"No"
"S0529","SUP070",25,"Male","Education","Master's","Full-time","Part-time job","No","No",1,"Invited",6,"No"
"S0530","SUP115",32,"Female","Social Sciences","PhD","Full-time","None","No","No",4,"Invited",4,"Yes"
"S0531","SUP100",24,"Male","Health Sciences","Master's","Full-time","None","No","No",3,"Invited",1,"No"
"S0532","SUP114",30,"Male","Natural Sciences","Master's","Full-time","None","Yes","No",4,"Not invited",0,"No"
"S0533","SUP064",29,"Female","Education","Master's","Part-time","Part-time job","No","Yes",4,"Invited",3,"No"
"S0534","SUP035",31,"Female","Education","Master's","Part-time","Full-time job","No","Yes",2,"Not invited",0,"No"
"S0535","SUP025",27,"Male","Humanities","Master's","Full-time","Part-time job","Yes","No",1,"Not invited",0,"No"
"S0536","SUP004",28,"Male","Education","Master's","Part-time","None","No","Yes",3,"Not invited",0,"No"
"S0537","SUP039",28,"Male","Health Sciences","PhD","Full-time","None","No","No",3,"Invited",2,"No"
"S0538","SUP107",31,"Female","Social Sciences","Master's","Full-time","None","No","No",4,"Not invited",0,"No"
"S0539","SUP090",33,"Female","Health Sciences","PhD","Part-time","Part-time job","No","No",4,"Invited",4,"Yes"
"S0540","SUP063",26,"Male","Health Sciences","Master's","Full-time","None","Yes","No",,"Not invited",0,"Yes"
"S0541","SUP054",25,"Female","Health Sciences","Master's","Full-time","Part-time job","No","No",3,"Not invited",0,"No"
"S0542","SUP015",31,"Male","Social Sciences","Master's","Full-time","Part-time job","No","No",1,"Not invited",0,"No"
"S0543","SUP091",28,"Male","Education","PhD","Full-time","None","No","Yes",5,"Invited",6,"Yes"
"S0544","SUP064",23,"Male","Education","Master's","Part-time","Part-time job","No","No",3,"Not invited",0,"No"
"S0545","SUP026",26,"Male","Humanities","Master's","Part-time","Part-time job","No","Yes",3,"Not invited",0,"No"
"S0546","SUP094",25,"Female","Humanities","Master's","Full-time","None","No","No",4,"Not invited",0,"Yes"
"S0547","SUP095",28,"Male","Social Sciences","Master's","Part-time","Full-time job","Yes","No",3,"Invited",5,"No"
"S0548","SUP108",33,"Male","Humanities","PhD","Full-time","None","Yes","No",3,"Not invited",0,"No"
"S0549","SUP110",37,"Male","Health Sciences","PhD","Full-time","None","Yes","No",5,"Invited",5,"No"
"S0550","SUP015",33,"Male","Social Sciences","PhD","Part-time","Full-time job","No","No",2,"Invited",2,"No"
"S0551","SUP005",28,"Male","Education","Master's","Full-time","Full-time job","No","Yes",1,"Invited",3,"No"
"S0552","SUP087",29,"Female","Health Sciences","Master's","Part-time","Full-time job","No","Yes",2,"Not invited",0,"No"
"S0553","SUP112",26,"Male","Health Sciences","Master's","Full-time","None","No","No",3,"Not invited",0,"No"
"S0554","SUP014",36,"Female","Education","Master's","Part-time","Part-time job","No","No",,"Invited",5,"No"
"S0555","SUP104",25,"Female","Education","Master's","Full-time","Part-time job","No","Yes",4,"Not invited",0,"No"
"S0556","SUP071",31,"Female","Natural Sciences","PhD","Full-time","None","Yes","No",3,"Invited",6,"No"
"S0557","SUP088",29,"Female","Health Sciences","PhD","Full-time","Part-time job","No","Yes",3,"Not invited",0,"No"
"S0558","SUP087",25,"Male","Health Sciences","Master's","Full-time","None","No","Yes",3,"Invited",1,"No"
"S0559","SUP048",24,"Female","Humanities","Master's","Full-time","None","No","No",3,"Not invited",0,"No"
"S0560","SUP003",26,"Male","Health Sciences","Master's","Full-time","None","No","No",3,"Not invited",0,"No"
"S0561","SUP090",29,"Male","Health Sciences","PhD","Full-time","None","No","No",3,"Invited",6,"No"
"S0562","SUP077",37,"Female","Health Sciences","PhD","Full-time","Part-time job","No","Yes",,"Invited",5,"No"
"S0563","SUP014",29,"Female","Education","Master's","Part-time","Full-time job","No","No",2,"Invited",2,"No"
"S0564","SUP013",33,"Male","Social Sciences","PhD","Full-time","None","No","No",1,"Not invited",0,"Yes"
"S0565","SUP001",44,"Female","Social Sciences","PhD","Part-time","Part-time job","Yes","Yes",,"Not invited",0,"No"
"S0566","SUP081",26,"Female","Humanities","Master's","Full-time","None","No","Yes",3,"Not invited",0,"No"
"S0567","SUP045",34,"Female","Natural Sciences","PhD","Part-time","None","Yes","Yes",2,"Invited",6,"Yes"
"S0568","SUP021",26,"Male","Health Sciences","Master's","Full-time","None","No","No",4,"Invited",1,"No"
"S0569","SUP087",30,"Female","Health Sciences","PhD","Full-time","None","No","No",1,"Not invited",0,"No"
"S0570","SUP043",33,"Male","Natural Sciences","PhD","Full-time","None","No","No",3,"Not invited",0,"No"
"S0571","SUP049",28,"Female","Humanities","Master's","Full-time","None","No","No",1,"Not invited",0,"No"
"S0572","SUP057",24,"Male","Education","Master's","Full-time","Part-time job","Yes","Yes",,"Not invited",0,"No"
"S0573","SUP078",27,"Female","Education","Master's","Full-time","Part-time job","No","Yes",2,"Invited",6,"No"
"S0574","SUP014",29,"Female","Education","Master's","Part-time","Part-time job","No","No",1,"Not invited",0,"No"
"S0575","SUP031",30,"Male","Health Sciences","PhD","Part-time","Full-time job","No","No",2,"Invited",2,"Yes"
"S0576","SUP083",37,"Female","Natural Sciences","Master's","Part-time","Full-time job","No","No",1,"Invited",6,"No"
"S0577","SUP085",30,"Male","Humanities","Master's","Full-time","None","Yes","No",3,"Not invited",0,"Yes"
"S0578","SUP024",34,"Male","Social Sciences","PhD","Full-time","Full-time job","Yes","Yes",2,"Not invited",0,"Yes"
"S0579","SUP049",28,"Male","Humanities","PhD","Part-time","Part-time job","No","Yes",3,"Not invited",0,"No"
"S0580","SUP041",25,"Female","Natural Sciences","Master's","Full-time","None","No","Yes",5,"Not invited",0,"No"
"S0581","SUP081",26,"Male","Humanities","Master's","Full-time","None","No","No",4,"Not invited",0,"No"
"S0582","SUP071",35,"Male","Natural Sciences","Master's","Part-time","Part-time job","No","No",1,"Not invited",0,"No"
"S0583","SUP073",33,"Female","Social Sciences","PhD","Part-time","Full-time job","No","No",,"Not invited",0,"Yes"
"S0584","SUP034",36,"Female","Health Sciences","PhD","Full-time","None","No","Yes",2,"Invited",6,"No"
"S0585","SUP098",27,"Male","Health Sciences","Master's","Full-time","None","Yes","No",3,"Invited",3,"No"
"S0586","SUP113",46,"Female","Education","PhD","Full-time","None","Yes","No",4,"Not invited",0,"No"
"S0587","SUP089",34,"Female","Health Sciences","PhD","Part-time","None","Yes","Yes",4,"Not invited",0,"No"
"S0588","SUP096",24,"Female","Social Sciences","Master's","Part-time","None","No","No",2,"Invited",6,"No"
"S0589","SUP056",27,"Female","Social Sciences","Master's","Full-time","None","No","Yes",3,"Invited",4,"No"
"S0590","SUP077",25,"Female","Health Sciences","Master's","Full-time","None","No","Yes",4,"Invited",6,"Yes"
"S0591","SUP061",30,"Female","Social Sciences","Master's","Full-time","None","Yes","No",5,"Invited",6,"No"
"S0592","SUP077",28,"Male","Health Sciences","PhD","Part-time","Part-time job","No","No",1,"Invited",4,"No"
"S0593","SUP077",26,"Male","Health Sciences","Master's","Full-time","Part-time job","No","Yes",3,"Invited",4,"Yes"
"S0594","SUP101",29,"Male","Humanities","PhD","Full-time","None","Yes","No",2,"Invited",3,"No"
"S0595","SUP017",26,"Female","Health Sciences","Master's","Full-time","Part-time job","No","No",3,"Not invited",0,"No"
"S0596","SUP111",30,"Female","Social Sciences","Master's","Full-time","None","Yes","Yes",5,"Not invited",0,"No"
"S0597","SUP013",36,"Male","Social Sciences","Master's","Full-time","Part-time job","Yes","No",3,"Invited",5,"Yes"
"S0598","SUP016",27,"Female","Humanities","Master's","Part-time","None","No","No",2,"Invited",6,"No"
"S0599","SUP012",28,"Male","Education","Master's","Full-time","Part-time job","No","No",3,"Invited",5,"No"
"S0600","SUP098",27,"Male","Health Sciences","Master's","Full-time","None","No","No",1,"Not invited",0,"No"
